0
103123
733637
1623325
795700
2372609
1021705
2423937
3094637
2546148
2474586
1361562
581613
1319208
990547
192846
120750
999752
3379144
5464677
6013959
6125678
5769507
5419634
3383176
1203253
154438
2780101
3271022
5167885
1975615
1634459
372434
3114643
2981879
80668
267243
187359
837083
989911
2696505
2897267
4025799
4059529
4785450
5171922
4637419
4148599
2957029
1123363
4070336
2856271
3352194
3983193
4601763
4336450
3691902
2666646
294811
3622406
4083086
3863515
577843
1057242
868665
730243
55596
620669
180909
1247664
3837467
2455239
2403394
1763925
706367
228515
281771
378439
1444353
14520
1807624
2313069
967792
50835
1105833
521416
220325
332279
462036
646003
903182
645358
443795
2176049
2093101
1400132
2576056
949562
2441520
1920905
239487
38607
1031355
1030500
119662
862344
20587
1234078
330181
57368
1219391
1463881
1004480
366975
446129
905340
1103192
983964
2122313
1015564
1185701
1546671
2475900
3514219
3325242
958598
12524
212316
3733312
3642834
3486941
3392370
791417
2370911
3677385
746265
96289
478250
82950
741871
1304606
1176141
613241
612116
1042515
778668
1021541
1901551
2011279
1019624
1468079
2994833
2143412
573588
876870
930215
189855
1478473
60474
1144185
1143462
1418540
35645
94247
501731
161813
590475
715353
743370
942653
2418774
2719749
2912921
3003124
2699092
2454528
2503492
2877282
3762502
595336
596164
1423163
289680
421844
1240694
1685299
352938
2603308
2892984
454283
176547
682321
359877
3130623
2326619
537240
541766
54068
1703528
896954
554381
2521403
1013626
859188
83110
599997
810615
937623
1034611
1973918
1820999
1022671
582103
595406
29995
1327924
1246499
96666
1285882
60130
407327
638909
292419
80208
442505
451862
621797
1474854
2495806
1421113
1420299
1393033
1134826
93772
78431
5654117
4853996
2629689
472635
407954
1212541
368914
155558
156376
1197005
307756
543007
1534889
501407
183971
1686082
2880478
2813343
578411
716672
285807
783573
1133691
1490834
1757645
751447
205054
430021
1424669
520495
437504
199304
2902914
1476147
2618656
3706907
3983036
3795189
2747025
2621632
1952222
2392263
2972720
16459
872261
1578463
1710957
1532788
411641
74202
1182783
697564
186076
642782
6164640
1465928
288552
556528
618250
1140993
1432248
598395
705395
1106875
1713056
3149598
2186796
1668191
889528
325342
3559408
4838670
6568341
4624193
3081072
151373
200909
265483
2016134
337416
1365926
1758241
1349620
1077536
155090
417937
7525494
8448264
9345378
8509991
7860580
7427805
6424826
6421015
5427014
5234163
130669
640246
1805733
1988121
1151759
205298
819972
184138
471875
200595
721861
38443
60602
117869
116938
521036
295724
219482
1316217
1165003
445405
128645
1821988
1270026
2523681
116515
198340
504471
2762381
2832743
3130303
3348675
3179895
1259409
1115779
347772
216893
1117080
2523059
403131
679072
344226
742995
596804
3945428
292263
1147419
2076485
1022366
300862
631317
832080
652305
331635
1107226
391181
2075517
2994737
2114242
2880351
300007
3829558
2418603
103917
159633
1294430
198072
402971
609216
1343487
371177
264980
445737
333249
63264
35499
28571
1154832
1665770
3648967
1005560
3762257
3257274
696357
492857
320988
489792
2080357
1243310
124849
1145374
535946
1065775
1605732
272448
331454
1263455
252881
1522845
2039358
1026614
3166771
3591362
4614488
3231638
1904681
280419
432331
27438
401351
103707
993129
6056608
5854389
4711981
734930
83597
194854
367949
282259
459770
118156
1210672
1928876
21692
97407
19978
793
914385
1224556
953599
83110
820317
634247
2025802
2960185
2105526
1009107
862427
1102718
1374158
832046
1391977
666983
480911
403612
1442057
2050341
2975533
1414780
1236493
223671
2140540
875032
290969
1356519
515246
276922
435406
236579
514320
4082280
3894752
2579202
101020
520616
1070589
1299984
2203978
3368790
3350963
2451523
385051
1951255
1845544
1060589
514187
1946930
1045263
2452823
4092603
1344627
761784
505029
353653
20913
669081
113609
51801
282895
1398203
252081
307912
291661
1997462
2002082
2604094
4285351
5943373
4188605
4078314
359210
1722274
1823849
2553611
2943718
1124818
4602085
5753190
6325632
3355575
289523
932612
176071
2554363
5073965
4956632
644439
478488
796092
5257612
3489968
93598
99600
2087536
20169
1070118
1786970
3420452
908731
775591
55195
1555055
271032
654158
1734683
1789510
2389232
2241295
1301690
698838
1119294
803
1475505
486
1301203
5333
17395
220912
1007180
105935
2969888
1773082
1672469
189881
398728
2237537
1005560
166871
2247223
597584
845662
1159191
1998376
2468639
3490824
5499153
4007999
3110287
2608388
1878589
3327356
2722798
2100184
970698
765155
4998
468491
636820
1049050
6443279
3767905
2217572
3227814
4569564
3660417
3124805
2823530
211750
1693848
321061
3331538
1928016
1563991
1223903
737182
668449
1067694
331309
702518
39865
962960
924706
615988
829333
1428537
700228
31950
1025247
733308
570475
1223904
347814
664074
699623
429759
445251
6613
4155328
3000380
2444586
1261381
735300
2184336
1650817
1051068
800360
890497
1733406
483010
495893
896634
65368
2178641
56547
55750
95524
460635
1639627
5096204
7543883
6842524
3733855
3832780
3817933
748489
3316132
1657213
712911
1520199
201891
202657
305658
2050180
2099070
144438
873766
959085
302906
455711
432656
108627
617445
603083
1636726
3329926
4762984
6119378
802542
563548
846693
1735966
1614474
2500935
1837826
1690622
2168307
4751361
637929
457355
1281042
120534
1078413
589848
621157
1283132
1361893
885337
1678361
2727007
3617505
3654334
939560
1032674
413656
272533
342897
590405
123452
204309
670214
196137
250295
63427
718176
1009267
579457
3767149
1319131
1590052
2584671
207217
1507125
96167
366512
1252157
1650500
2586287
1171942
4148923
3854405
3656551
1093186
300173
226134
2031942
2331946
3229868
4876807
5203066
4857600
4856729
2458300
187362
338417
1699984
5029421
2499457
2133285
1312501
1139181
1206965
644109
543362
384719
84884
1931403
3181193
569346
154608
469616
964084
1525208
116838
2301609
2650350
1769042
97480
538685
509967
2047920
1858457
5440919
3143202
1473397
37435
220039
1740160
1574197
999108
1793431
652781
23954
2437170
426088
643236
434540
665874
651013
2085622
2254763
1390932
335023
4013048
1062042
2227375
1526170
2198328
2457175
799476
426685
3713196
1685452
561761
1234241
1238681
2167430
1207447
1001060
586096
994299
1678522
2187355
3208661
498660
267891
3405095
3189194
626777
968520
396115
121516
676347
140765
81722
67874
1394969
1178557
1780378
1425348
795465
35992
158478
5423668
4604017
540031
91498
354517
3222570
2125967
2331537
315200
385541
560915
190227
57449
862926
5617282
3804823
3044115
632453
506253
2207201
107958
1251509
3781300
982777
260301
1286528
439598
1024610
2750573
2103751
925878
909376
1000239
980059
557498
622929
623542
2772519
3343267
974413
1554582
3488717
51968
1534402
623714
1169664
1430444
81170
508504
2700454
2853323
1808311
214962
984910
185912
468329
241580
617922
217737
1320578
427336
301295
2145393
910699
4651406
5968002
902113
578682
156704
1167367
210281
517011
8073
582424
1478695
2603390
2709162
646485
45866
883885
1230368
142665
2044695
2799954
3733766
143139
6735762
6589989
4866419
4714076
35327
1361410
1419393
1882022
2141361
1970903
202533
653916
959087
3976733
3378013
1263608
3229863
1684332
4190076
2517694
443315
379243
5841749
2740286
859346
652303
1873137
531462
138392
500621
671202
385382
325187
2469287
3659991
3553431
286609
1270873
187921
38232
455096
335997
578870
403108
746367
2762994
1325595
3358002
554506
913246
1075678
3085749
2779611
2543514
1677547
5704312
7283420
7340186
6939996
6462957
4752326
1644461
525730
373034
710557
207077
688934
1031635
622382
5470911
8182950
2994694
2616939
143632
597747
12516
2189778
695695
5016381
5273731
2443133
974472
222549
542081
376658
156051
965276
4997063
5607646
466911
2747012
945742
591555
568387
628608
2538354
2363414
2088744
1559255
1092057
732824
503349
1261838
3161285
3280372
2965289
1352950
231687
613141
392795
329052
930683
1877824
1878579
702486
2047438
2069701
361814
611635
818672
612125
2292254
1717889
878712
3541164
3328142
2665514
282407
5988831
4174744
3100919
2643889
367047
178158
619739
621804
600818
547399
790244
3480011
4915963
4030791
3437984
868396
2269889
3847798
4571597
4647436
287577
133097
623047
1087943
2900929
7245452
6730527
2326711
1695779
359391
926489
474624
2634540
54435
1005197
1229390
575961
489954
3026368
3027049
2390685
1158765
896794
1246660
1261515
2456696
4861263
7757878
8658546
9543877
13627767
12839495
9488514
1949472
1377061
3508567
2411825
1055102
1191154
71651
3899434
3751282
2765894
1654958
2253198
4098099
5211463
3932996
1782441
2233440
1021542
2607105
4875134
4075173
1718372
192301
298765
62940
1050588
171866
953119
2528459
3951403
4926945
5403248
5362828
3486777
3143201
2435539
445244
387640
533207
533959
475269
377475
1897674
3823265
227454
100545
71494
860807
62922
258213
496571
2020804
2487515
2569492
259657
1976301
3494689
977640
111353
161636
1470059
1115299
2524887
272406
387630
323080
30501
124023
999490
2001015
2263558
2399015
739440
308885
2569664
2152324
2139413
1104161
563375
2451694
108488
90206
1455011
3114646
4281426
4387938
594676
400864
969253
1864953
2928249
900644
220286
903249
1087379
331278
433793
709199
2320965
30182
1960131
1848441
306305
2489298
3086122
3745190
2039088
1319764
383123
1456454
779464
423142
409586
434353
1045908
2288369
101026
2638740
825452
575640
423627
1356776
2972290
960692
2915825
4516417
1125332
469786
2037276
2639840
9339
1265380
170900
57295
1032555
727340
26574
803457
814592
2011281
1466432
261109
1602996
2752658
2086169
3332510
3882643
997098
1382714
1259617
72602
48776
802385
956667
7106
146055
1432084
1974678
3774033
4172480
1506482
853548
1006202
2695863
2674877
1428053
1248217
111351
352010
1068989
4407139
4464116
5174819
4147471
1359143
262247
634068
676917
53898
880301
2263525
183061
1540541
1652700
4877294
4763622
2132152
565848
2776071
2095989
1963835
545791
535296
249013
798835
1914783
2058718
381165
999468
24217
558226
2331468
1423743
1418807
986998
2407307
253364
146195
575808
4014984
1982712
213366
1873118
4933713
3635086
3342872
819978
1060274
663644
1805520
1454312
507204
297102
2180732
96500
1048805
970377
209377
1319935
2704063
3952695
4487847
4930809
1668990
304201
878946
2151751
982644
664886
925197
652143
291298
435090
2756623
1668194
1825691
1612668
424587
843539
1554088
779986
3401498
3969237
4885256
5613717
5550835
2091001
2279343
789469
616593
3301637
3465004
4625004
6217177
6767652
8642893
5952671
1602987
629541
77467
505479
1579939
726110
11127
832392
962017
847921
814390
673107
86658
298077
3624920
856280
334224
95675
595488
1688845
1656889
5820340
746447
522382
521717
1602991
3157758
3567794
3101789
489311
2844171
2871121
3011041
3763554
2738099
1910000
370371
2313632
1616976
1066407
801903
204955
689734
677434
1025928
338419
2462516
3296994
1534732
427976
277408
109413
702654
2651039
4502837
347286
158954
2859020
566278
9848
175502
228186
1432253
2071314
748640
921694
246274
461716
2611228
3510834
5119474
5834705
4629516
3522966
787571
104573
1154842
1246832
1346562
1754049
2236511
2016768
520928
1493904
1130473
1703349
1810835
2447499
2928252
1445922
385965
1536819
1354461
892269
25845
1108689
1273294
353581
433116
358590
572743
328096
615350
3165162
2996348
3281343
2733407
222056
3268924
3470413
2918238
691512
239320
1186287
99075
1385607
1215353
253000
652946
1719347
2818351
207381
2285143
1385459
3128200
145239
1962110
2920548
1143699
863865
1148835
3450145
3387532
736210
143943
461070
406835
2822436
4435707
5030435
2134734
2102320
3596036
1305571
377053
51003
1771638
1023147
385208
691848
2107308
2165726
7177391
5194994
4398419
2726516
849179
1544567
135565
334896
651248
346990
382639
1756468
3245848
2803283
2118768
1150486
1925098
224676
468816
155602
914070
2596454
1073103
120969
1112397
228303
1002170
280454
4090587
607422
420412
32877
581385
254815
113780
296462
79235
3144176
2386795
1245851
4165714
4381633
2347111
148465
6596588
6351766
5953962
2710055
223826
6025005
2840125
1998936
1472909
440414
1028795
931847
324370
93768
3243547
1374694
479950
697625
688294
1389319
726217
122645
320347
676834
647785
47455
295654
233188
242400
516261
299687
2107146
3021109
906148
291251
971029
2896400
1045106
661537
636846
107763
1182591
474615
271446
1297016
3259627
3104228
2311084
2001033
1481880
560677
1185127
999743
763320
510279
195896
18876
227228
167518
951012
400867
1513957
522715
780430
165412
587429
720244
3041539
3146798
1542156
3230017
3877169
774138
1417162
241097
293070
700072
4321054
4199116
209469
3462410
2911619
674727
318568
769304
3287002
3461937
2921949
610505
2184118
1699172
64882
848382
927782
1737747
1831599
235937
355504
358513
660364
1829896
2140715
2141523
1927764
1309444
3310237
1105188
2212737
2719632
3951290
3164502
3163711
2363572
1780830
723304
219318
1336073
2745245
3037820
1369049
710391
5374938
5255055
770910
2910176
410387
248682
2105041
2001434
1381088
519641
313082
4654356
2487941
1634138
1157097
2005263
2482513
2498653
22270
2676813
1374796
1103783
5829389
7910871
8051735
9049056
7251462
3181609
3067352
1616866
599650
3006319
553752
198989
1735489
2110374
1803534
850955
2045588
1878433
1092415
925030
268698
330671
685713
756384
456712
1991437
107807
447189
1499066
1122393
325516
77143
569677
1014118
1103189
1795293
77298
1356084
1534462
201916
132974
1425799
1226163
239968
227050
2761212
2553839
2503812
701193
742675
2439430
733154
3279738
545784
119257
1451783
2375028
711196
388934
2258833
480368
1886367
1911233
3036054
4696337
115552
1043820
976511
12100
1180316
1156779
668280
900819
441701
1228910
70035
18015
1105460
819001
35822
1586698
299865
144223
329534
2131194
30658
268864
362950
313495
1376578
2227206
1895898
108289
1145963
1894895
2243184
1440641
1136162
1081857
1559586
1840386
2053570
427652
396477
88604
2331082
1505030
2343602
221891
1755600
960217
961006
2158943
93661
1542474
1665257
1983823
8704624
8676772
7930226
4668650
3821556
2831768
2252864
240532
1928168
1858918
162668
102479
290455
2271109
7232866
5195473
5040710
2970199
2577
1014923
855642
322648
857477
1440344
3221479
4611608
3946875
2335906
104248
184946
1728554
104246
846576
2216567
255943
1837152
178491
195265
1000973
366369
124481
788347
3058323
1282971
2451529
1991411
534772
1008384
1414656
420695
31819
797043
2994737
3769847
4667824
4956311
3110657
2974371
19406
527866
2107148
1274740
689772
793584
1151766
35025
242250
703784
867371
1072538
2821253
3336058
359955
1229249
71164
1355277
1171777
1851846
3122789
2634851
1346888
2826425
4593844
4773464
3578121
1989393
2004338
1565555
463563
266286
199473
559602
1418861
2664928
1304756
1061072
967793
1887832
2879192
1809068
3449179
4418266
2625170
1367533
707645
151923
1932740
2109993
95067
1534245
146373
231872
208347
393429
864519
4568508
4503310
3857949
541272
66979
309211
310974
178007
2532606
2373050
2231309
1961483
2972137
411678
496249
1748887
2416666
12429
2638886
2169311
512054
1433542
1833526
2841260
286605
866777
1053970
259820
273375
412495
6862
1055849
996352
1810496
1831675
388289
555155
984910
617757
250304
56703
264020
656338
1620749
291894
383759
2813833
5479278
5176917
205242
1595573
613563
153790
2874833
3055469
5418600
2574120
2261910
2814861
2353663
592271
483492
52332
1446778
1162581
455579
596407
875169
6635641
7742064
6196337
5519529
4666795
4235748
3488203
2810113
1599538
3169838
5396701
5407697
3783560
1254543
888880
884212
156371
777796
1106405
346077
1231292
939547
1603479
37276
1361678
1362568
727183
1339944
1645824
2813137
2153130
1926553
1917148
1376162
2414767
784192
383334
384223
1016853
835634
1879666
396667
90800
3380601
5165629
114251
99082
28246
228188
5257584
6605455
5299095
4641663
4046286
3161596
901155
1423221
2149270
2840127
90813
2254803
1770583
1270261
78265
3091568
3117318
2743508
2740166
1863452
1300398
1504708
78426
1372828
2300612
4110616
3034855
836777
1552557
620016
486729
223031
377561
645687
1610098
504474
475000
220039
1421765
712013
292678
772372
989277
2031138
3487597
3950910
2055175
2020477
1996108
521262
659245
1504059
472355
5286168
3095106
506740
984743
546852
31162
792633
298709
1422547
855473
1616853
3581164
1643657
1363256
1211962
23408
54458
343896
1288144
1388141
76548
1350116
1945276
1169065
535618
467842
1646083
2059538
1123859
1680463
1321055
2370681
169292
1120782
560629
263377
572479
752028
987587
3701418
195065
284669
89734
1183245
866286
542488
788996
2002413
2291274
458651
125156
1584357
1796007
1220047
416034
426204
171872
128820
672952
572592
1056274
1485996
1147259
2308673
3521649
291685
727287
1561198
2291284
3031686
868391
1174088
43554
2655196
4195571
1965122
2339688
676503
749767
614542
2122953
87074
1620748
232712
1443875
1548127
3171450
3921539
2213565
4748944
2462982
219225
1570559
2268517
587580
2431168
2915020
3028214
2169113
3016043
3461776
2143932
1220041
334384
195265
3801210
3205493
792537
257882
857901
755186
1937205
210599
72302
566611
1104491
2505597
2354210
1517294
186721
345511
255791
936762
890341
2442334
3362515
3506759
235135
674409
3703376
4006755
201557
145832
396198
1034135
1546192
3288368
3958376
42931
387952
2115692
263218
741385
1880088
2553196
1531335
1638659
1920590
2785428
6176299
1168723
1777126
1470661
1052043
252727
118609
6174438
3635895
1111429
285487
1708516
1233909
812221
157341
840312
1690776
65999
747195
1288778
158752
610508
508649
148787
351841
1552162
1699942
102795
1064584
1114360
1666097
1585879
2094715
619705
1567654
3304430
4419570
3895472
2531730
2531028
1976067
1630990
155812
140397
1103908
568185
570723
3804061
4700458
2642112
740889
1462553
1880574
2233833
1373837
3081326
2057916
1110655
832396
267401
1124391
1474843
956979
1462065
1033474
371585
373024
6703744
7755932
6545958
4505788
3967207
3354930
3354059
2414322
16567
35024
70524
385021
1165977
1457262
1184537
1204388
744727
86896
1889767
3267581
167297
245114
3305237
2563037
2313716
246269
38402
1008298
892589
346356
1201187
1325771
2767385
2454080
985198
570612
859542
2320319
1643331
1036539
437671
705389
604376
3283762
105250
559705
543467
580641
1188885
959564
1072217
2859987
4846569
3924746
2508847
2012731
1114165
1732261
3872761
1582328
723302
39698
106838
282257
2316459
3686253
5170954
4071788
184288
4026108
1420788
1350426
1134176
473484
157988
722354
3414328
4011591
2224301
1260216
39698
1647054
330982
235517
1479704
1104627
287907
1310649
3072814
2039411
885815
144590
2085844
3843108
3742244
384837
404656
753240
620988
473920
17273
1529404
4629695
783344
3001032
2157658
232876
2513343
1207604
739449
1485185
2532278
1095776
78102
365682
700398
1436282
154286
310178
103190
257085
752673
570639
1631236
1832316
1817089
717762
1197550
605494
720086
1238117
1495861
1225294
608398
3077823
426049
1885619
2499785
1151119
1096979
1989168
291482
622116
2018864
1950115
1121441
1953514
3169030
4721508
4230582
3942842
1451610
990073
1290078
1554180
217303
219320
844530
829126
975549
362619
1524139
1075830
366887
858273
107807
2025530
2467215
2134252
18508
1654649
3242746
2023867
516085
1240211
1138371
350685
1037172
47356
314519
190594
2452340
1225355
2024038
1780018
1296039
737513
2386012
2325318
2802790
2077160
897594
665759
2335662
4181877
3770274
2510115
2687544
2686700
841430
4674
701516
80533
234973
325670
1524554
2044345
400552
2624417
2642447
1879698
1376083
1303798
1427901
2982797
3427164
4994082
1205355
1367071
1979486
1471622
480264
345188
873072
1784540
254882
1635813
2155001
1958271
804313
267091
465254
2721360
3282472
1736161
2467188
1555538
125398
89411
1137576
306791
390917
405189
1308147
2925821
2464933
661332
643580
1266679
1015240
106022
657456
570314
304690
2623082
3504539
4285133
4340652
2147354
158340
36774
3165965
1690233
129261
65192
258046
718460
606852
642785
522315
49378
171713
348573
99728
1872987
1770496
248957
1097116
490927
1776644
1346647
22858
462068
241121
396839
2090723
572621
393924
55874
1494225
482857
1570396
2773325
5551971
4998752
1811004
930042
756718
649067
607591
290487
1410988
1143544
3384
1518266
2117429
1183192
36306
847890
60352
614057
480747
808617
996197
221913
575261
299195
1856524
2474613
481069
157825
8709
676434
1403430
2124566
1581035
2291125
1297827
852402
10846
788662
162674
1901871
3581774
1155481
1345423
1130316
3091248
4283095
4267537
3034752
121997
111059
316399
98286
1763890
2456206
2203646
665581
4145114
220440
2167990
2809789
127393
331318
4535599
5656380
2968589
2370353
669893
2486222
1144677
1658177
847243
2150381
453634
1512534
914344
948912
285759
286588
2444517
567443
31777
1506278
170735
3595883
2523984
606785
1358020
2173799
7106
443408
2723505
2883053
1842244
1416753
1294239
1035445
759450
41469
2509622
199441
274673
1016864
1848391
2618381
2617519
5367898
5617692
75418
381346
507225
1218910
2004671
3899762
3831811
3739399
1936409
817061
347121
89732
332598
124387
314394
1188723
1558448
1157041
645552
416522
12084
954562
2065617
2605322
953270
427018
607313
606624
528942
322639
1003179
6171
723958
1313791
1194048
976344
750099
320185
500284
399248
42450
1876365
3851792
5267781
3192582
351652
1082385
157127
520124
325026
1184699
1207927
18876
998023
514961
126679
796151
602922
1309125
1731512
77630
707978
1308988
626892
948911
888717
1432181
848378
1526341
3180964
2269314
1949631
395860
300913
493507
994271
1680775
1216318
1040574
608885
424166
290210
1021530
767679
145725
2386553
2660927
853707
2055773
1896288
533532
311630
3666245
4081154
2014926
226616
464943
327285
1047675
654554
3996582
115707
825785
1722418
1227699
697967
104411
127654
946500
252231
97112
252565
1728549
537230
1205834
1108426
2496234
19845
939886
1371737
60105
17434
1754135
410546
2035173
2355513
2456550
2409242
331319
966350
1256836
449289
611145
425079
563224
311297
432172
57286
649397
1214713
2414570
576610
585001
423946
1044132
494560
551108
545622
1018150
2448531
1922565
265305
858879
1651564
23558
473817
476304
144591
31302
660938
294838
778345
499460
1757923
2598068
4111815
4475891
5304729
2856752
2572560
987163
460900
152347
211899
741533
1127222
27588
505449
3644458
1459886
977152
33077
505140
1868465
2516198
2515349
1406588
361334
474143
139598
208350
893313
897105
712500
852288
61127
453175
105226
106078
3928327
1035570
56649
829340
76662
220453
221302
1502939
3015456
3632639
2538820
770747
116629
376180
1575397
2807851
35996
186
903002
2075842
522375
649724
854479
336959
1032357
1025949
305014
1618974
1517142
1077703
199783
487184
93768
820306
553427
4207936
4493473
1401594
1496970
1728303
2415383
2472180
614853
702169
881463
1524242
1665772
1835264
2936957
2414084
768140
3169344
2005469
1368307
1070433
622227
2002207
1757839
810738
633957
170219
435076
118769
18694
1020517
1021047
896945
192529
104532
1913975
2249664
2371167
3579585
3620565
3010884
1566353
665700
674723
1906233
1189206
526265
1533896
2877416
3309753
3580390
156410
1089325
1092378
1602995
1691272
1052456
956345
3392695
1152895
469622
869036
2344860
1559171
605331
315653
1468891
1765767
1312997
1917207
274826
1528436
1497766
1408857
1833125
2598221
3545843
362545
110875
864521
794740
2200461
649885
1881743
880161
169767
6063066
4438437
1896639
2179283
1815362
1167320
1356097
2685222
2293794
2257778
1249628
874997
390231
1694018
401279
631811
736048
2605566
4314448
4715691
1527622
843855
430605
1201967
2189939
2531054
119136
107797
344221
3231324
4243502
4498026
4355329
1256984
819072
17837
496078
1006211
2352610
2986509
3082693
1087387
2767149
5025495
6400834
5061849
3086554
1098027
1856686
2208817
172360
187047
196404
715232
2371007
265784
765906
96983
35338
554109
3369194
2160075
1485826
556604
534816
2090247
5027168
4806869
1790320
643257
2592419
3628644
4940824
1199694
1978046
2331035
2831100
1962379
700773
704
1212616
1580804
1396902
2675852
2956815
4708600
5533401
1601409
1691596
636863
197526
361324
246433
4004010
3589630
1850791
1348649
1250985
1398851
264820
556596
338411
209950
91661
410704
759774
389252
118646
2911468
2873042
2329682
1868018
90540
695553
1260062
1324613
1050904
5915889
6524763
4731688
4441829
1355887
1182925
40113
345469
293881
1033485
441096
2953589
2966500
3079143
2011666
1841505
1534239
846757
510234
949115
1701923
2498174
2292404
816904
477677
13108
208347
5736098
5735234
4524779
4288355
2179693
852921
435732
216406
91097
1061565
473158
1222626
1588564
4310316
3996201
208349
894836
837407
910514
1450452
283388
2061019
2511880
136969
1837271
2167619
5903249
4880784
3934833
1857645
177845
315010
314143
32627
134425
475109
736221
1676101
1725161
1592433
781292
2100200
138146
44708
403800
1716381
3407655
4733827
5550510
3554721
3086232
2760586
1299751
79949
219804
792708
861769
1845066
4464168
4712958
5068317
3669023
1619929
852331
1279913
2335180
5994135
8750535
8829127
6424549
1429824
880649
939984
141042
593918
252244
143795
1181947
187519
3345745
3368174
4344041
4476765
3769517
1780505
652133
996034
146042
646658
1433227
1852407
2409824
3085279
383769
782809
305753
3573670
2135380
2023008
1385122
2193
1060428
474814
648596
221952
225616
629789
1762347
3111701
3678835
112325
280326
613090
1450334
1108838
2530934
2750087
3265365
1227452
181072
336634
1046074
271597
777212
3313857
7299081
6859951
5033286
4950631
728949
391444
2576268
2273931
1157040
652
590817
1656290
1339938
583881
2759857
1443230
1735490
3815505
1932286
1811324
810623
175987
664720
1269690
1299915
691430
293559
1190017
184462
2540940
3958409
4985842
3399283
2521272
2802077
934388
243207
3973672
4663458
3247344
1758072
228997
1312280
1633102
1790126
1876051
130067
1351215
229963
749609
109800
2437818
1783434
834170
1387395
2924982
1038082
374073
875332
1276997
605492
621320
125115
1749070
2750735
3543920
7228326
4224309
1494374
673599
476560
792452
412852
1358667
1812147
2899204
481566
490602
272897
944725
157351
955850
882220
1190824
575156
256429
2014989
1130633
68913
1754119
1650514
1213735
1041570
206575
421209
2565792
906478
324211
1489050
646485
1190670
1538928
4304496
5080097
4980515
348263
588721
77620
86742
233187
5656
1284431
2673271
2847319
3132401
3133231
3433329
1345272
3217547
3219250
1312822
252405
2594678
535454
760357
158306
40029
1104797
1424165
2571395
2610797
3072840
3675272
3674461
2723933
690030
1660448
4189569
4564475
557403
111917
1112261
2234567
3385443
4474008
4063228
4022397
2049526
667949
73272
529657
1110775
2619693
3483074
4748680
3856623
327
433635
2354709
2881935
1742897
316136
1318807
1712575
2396976
1966860
324206
337452
1781000
2493332
3143403
6142139
6541885
6126084
3119327
1292441
1102225
249006
823258
1426448
1923176
1106905
1666257
1852004
5467086
12037856
11717339
10741473
10181646
9753503
9301588
7056515
1194294
3065858
4788906
4356180
2822052
860798
1439349
1419174
396668
1367269
243682
5362029
6573395
5410754
3052015
2480407
1390445
586395
1019702
984426
430569
1738396
705561
1326409
682212
176867
3059121
1606167
393975
49217
100223
195063
3403631
3422189
3739116
641497
1984500
1171293
196233
7224993
2582886
1079638
597599
1464532
2562551
582578
30817
30016
1816116
339217
376978
1822786
1109806
356619
59059
160255
418939
1113852
1373190
1269895
279839
42921
1239570
2853785
3137436
689259
1832106
2295802
2509998
83912
2683087
170710
507421
960699
1793096
120399
594195
2781398
2742007
2458947
1973999
152892
5105
361834
564611
1044944
2742020
3910899
4216875
265569
525393
2150778
1486630
1458626
988123
565147
640686
436536
2380840
941164
1655777
1398706
125063
524815
2063091
3733033
2239228
1537464
313718
1170734
1325745
2019521
661825
1087856
435870
862089
157988
587077
1487772
1867661
1478399
1208475
477948
548955
700492
108764
3862154
3291024
907920
177029
1128382
396987
2561131
284360
995237
1908329
3099477
570798
2217600
1640948
578221
480746
442338
200102
1770338
1348165
747830
91410
1005891
453002
645851
1457270
1489544
1772820
490754
180107
842896
2189293
721935
3665475
1109286
668593
2229672
1489120
937402
556768
1790379
3803259
4836578
2013198
288793
29006
1551439
353017
370419
1314125
2271107
988622
1440166
726081
433622
2122925
304797
146540
1894126
2261417
606299
164118
2398430
634865
3891853
5807597
6140043
6387117
6631770
5614091
1579541
177365
1096588
1167442
400379
123149
353431
113767
2144104
5796466
6434066
5803428
2722641
2086801
1889286
1897333
946017
2795923
3512497
2798486
2627242
2691835
3660259
1643975
336631
245949
144751
107288
272004
3900406
34955
1315741
80213
1262310
504792
430299
1131608
338163
233009
1021062
830531
170152
161548
301624
2898386
1798960
2475890
1631229
15984
206822
1234523
1667552
2743152
5227601
5985281
1322907
783506
1381408
231327
504945
816255
571137
226248
319530
351478
297578
2496726
227863
711210
1448862
1447892
396911
322455
393896
1209190
987976
911151
1203532
582093
315976
51966
1110056
765273
667787
53888
2210433
2608074
2940285
2979249
3967221
4997729
8453594
8454396
8691629
11843214
168761
4146013
2297567
1318469
1794234
2099390
354076
210326
2681973
647774
454267
1396979
1745046
1967719
3129172
3275620
4096635
2636627
2449754
793712
97306
286619
430880
899305
4067277
4405044
6602724
4532651
4275223
654391
330338
70020
1784884
335381
3286841
531095
225388
2380145
2876667
1974392
1922004
1551575
5178955
6551523
7712142
7778782
7727209
7243549
903560
134262
1979486
1764365
1566189
1431921
1732890
1762692
850629
1036360
2178140
3696671
3699862
121488
17114
433625
574519
1960456
1973529
126839
273083
744136
1392222
1356234
1213749
467520
313576
568164
1074143
320981
302754
1148518
1217085
369741
1860971
1610963
715553
108351
238837
254327
122977
6156435
922032
910443
312209
173120
3445211
5624976
7168579
6735094
6734347
6342942
3235994
1780666
839496
662301
628009
1127919
1512940
1364464
556107
555293
2158970
3498248
2685059
150559
1502781
5528090
6779595
5070888
3479679
1948969
1388928
2365678
385046
384198
1654173
1108851
339215
51149
549985
2754634
2790261
1051548
778978
196639
1285975
2690058
2858021
415587
1117246
1657061
1762836
1012654
144427
1903507
2697643
1557958
1200017
965855
1057680
605494
2521713
597827
655359
2273129
4380678
5052324
4698172
222216
1269583
31595
981849
1041882
122654
377312
271610
123447
70669
144442
355043
1122246
1493902
1107552
41628
3212285
1667582
293075
630199
1523764
1315890
151878
3843442
3947050
7381038
7319984
5854064
3049540
1866762
1866079
125560
1536019
279477
1057309
1696438
894940
4349207
557562
939802
5093408
5314501
3928636
304372
229006
545229
1046399
1559749
2764614
3293136
4651635
3404525
877256
4505102
3492192
1258546
411775
2125391
2793165
2704888
2002401
1000726
1590894
2372298
3959314
3100272
2257705
740466
321626
104246
3122716
3139658
3233584
3961896
3614933
424408
72712
280165
361176
1581358
229313
861614
1325259
604147
414093
1280559
4442969
3184994
429909
1835211
492449
1065118
1692565
1988197
2835122
119091
545439
97305
2452664
4004673
863052
1530701
628308
852571
2999409
1704678
1449962
1754196
2064855
808524
1095780
2851745
1758876
1349277
448308
433782
842096
442460
771192
267561
147025
90905
838636
108118
22924
1017618
2126739
904343
1952897
5479379
5144639
3652675
3539871
1683835
1402230
1158382
338570
809168
674277
1210264
232221
1150475
2057271
15699
3909287
753964
92001
790432
105548
1683512
495591
368763
1631031
1863469
3225680
1952050
1909607
736182
556448
595178
1705135
35190
687077
2526403
733156
940533
2651164
3212667
2896931
1803419
820949
1952605
2019034
1903444
987642
2635334
2361471
531595
3052827
2505426
2406821
107811
768340
896800
977149
1763879
1078334
1170044
772244
502854
130564
1476301
1295728
2602588
1596366
795437
877274
105394
178498
922134
757485
495773
130711
1657221
2308715
2258670
2045654
3402114
1830034
795114
120219
158307
987358
2189457
2515604
1096572
4378255
5389774
3483709
3091072
2672933
1407396
589354
2205739
1727595
3621041
1142886
897908
825320
1252495
127820
1515532
441043
744294
83927
1225855
2769133
3401745
1225999
266111
143959
1118213
2428722
1550374
560642
1248538
1435809
2857592
2863943
3294208
70676
254468
676863
731214
340646
656832
835802
1922206
1949649
727816
1120314
1184541
1861513
322446
956231
1777114
598084
76198
816431
166375
40497
915519
1010739
1313328
1065462
600508
444910
44715
895022
376168
292428
503031
273813
1023867
2586292
613882
1120956
2974451
2020635
303066
1612519
1714028
3227106
1551107
977470
446384
1448371
1479577
1478738
1331574
957161
908241
1789440
3261167
2787352
1748081
1478228
3203733
6903104
6746888
1094397
1922839
386471
757424
3547489
2042992
1338783
47177
433639
1321210
341237
2658105
2035503
1223915
1011436
1132880
347623
3649787
3914983
812057
1872970
2663630
1581147
1068756
298398
2251262
264833
1269933
2286247
1020109
3039611
4473634
4828834
2796875
2264804
2093741
431846
3026053
3697880
3523410
3057504
382855
1800826
102647
886611
1028326
1634795
725735
689911
617129
1488032
1291036
584365
1784550
7264894
6445600
6444744
1915808
1730715
1587184
268690
2818662
299188
1724196
496688
519113
687330
1783114
4486848
4050543
3797358
2986008
656967
134118
1179378
1381735
285707
583721
493170
3605249
3058099
1941557
143485
1010376
86490
38239
649566
1103560
3297171
653903
410722
3285075
1800852
676358
509792
897461
760896
160885
509628
1794649
1042262
991676
33074
42127
377365
506404
255790
2057930
3098994
5194340
2645339
2333713
829667
2166004
1617980
32184
1030612
3107
1018677
741208
1178570
1391209
190555
784481
1128369
4292221
872088
236091
457055
130772
2075480
2844014
3635909
5272670
2465626
1640906
278696
873057
1052836
2577094
2628414
2689738
5374945
1678185
2056137
1299
941288
1253271
797857
81348
903092
594570
1534734
69866
1512465
1927042
1231289
707084
565754
260847
1395521
310406
4406985
5456906
3148682
2957604
2856907
1810358
3738063
4472637
6776549
4773945
635991
384400
213338
531542
615513
995849
1238603
2425558
3773890
3218586
1280383
38237
855811
6321103
3891033
1408057
698446
681339
1367383
802622
659069
609637
439610
692976
467659
883730
212743
803198
107795
845645
1511658
1649476
815730
666560
225602
3527463
4819598
4820302
5095325
1555216
1061067
991044
1456865
460409
1287179
1408860
1599773
1483403
633087
443033
794324
1637052
1139
2382629
216583
2146187
1018137
846105
143860
51058
163141
162388
511104
1054793
685692
3863273
3230789
1306894
950538
1486629
1317181
599882
390003
471887
123376
689267
496071
1791096
2503083
2454424
1087029
947837
587453
28233
135085
838543
1304286
1770674
2364251
2045262
761246
1276739
478484
1641174
1550374
199297
243369
1045431
1123540
154755
2595632
2324673
1428414
357123
238357
282255
1125466
1256505
277369
247721
990704
200856
2399207
1488079
1340918
85843
357787
253840
1001863
1345117
5076754
818409
499145
381130
99883
1506985
1135322
1741026
750894
1481478
1484223
191226
685857
220849
865331
2121999
2177089
62058
3656890
4181862
4542221
4726843
3004733
4552873
5635232
1415457
812379
900976
292734
421809
347835
3009513
3839405
2815318
1730305
503246
608595
3119979
3775498
6941808
7467887
7835029
8751022
6044330
5972325
5609248
4969214
9163984
8655466
8262021
332595
398137
2910485
1189363
803040
1651431
1792141
1838940
1271532
694667
382301
982636
1278789
2332742
742361
913906
940998
169302
230137
918264
2924545
2925423
6831733
5029813
4042404
1945266
318231
441372
1420305
1249902
1336539
1664446
763420
974119
974995
1525069
3662535
2889828
2447808
646640
361017
223235
2030442
2579331
1385517
959617
1006681
853532
430694
130243
1053338
1274247
147170
1583797
2448634
2183949
1871193
154288
463075
1279898
1095762
1071718
1955051
2011130
761082
288327
801585
2190912
2672277
893574
819944
35738
144446
46652
2438383
431060
444618
263685
138856
68207
1227042
655784
663446
697659
127140
231799
201392
1553678
1868301
3092370
1201144
14836
124595
940186
235605
1056385
989235
559011
916628
1412231
2400682
214947
1178343
833649
784578
529756
1584283
259268
2005643
3050744
1767658
337781
777136
24104
1031069
1412897
1350586
111020
404751
699430
285782
149429
258528
838200
62910
380899
1165501
505185
445221
427621
106498
992437
195262
1208987
1074298
70351
2705875
2529465
1593147
2328082
296975
4306929
5213725
4902242
2493014
2575026
690395
1268783
1527154
439318
78790
52878
2574
378196
1193880
980050
228018
5691089
4192229
287341
1701675
3034840
3561214
4422710
5247040
4589004
4498026
4497145
23161
221403
725739
812702
749603
109425
1577986
2483814
2637124
3888630
1878640
2769943
3057733
1135629
1483286
837597
334328
1483258
2212514
2119095
728607
804174
1105304
210773
1058991
1869764
3110937
4678428
4736502
2431095
1019269
522216
1749532
531416
6098736
6593021
5942494
3658482
981182
776734
2578868
4114725
4155859
1006213
50343
436706
547897
831118
295772
864549
56094
2772363
4979081
5189681
5140782
4388719
1482754
936001
125079
1321391
4997838
4349029
2683223
2561904
171239
2871613
2908731
1139517
1833397
1584234
3369310
4034518
6659659
8440686
101038
1422742
3295075
575794
462206
2725563
3703046
3740473
2483469
2356809
5151085
4340154
1607339
741371
296142
1542805
2951718
2471045
1298777
315488
48264
431705
259370
409174
1391147
2487364
1651555
1059472
155942
804656
893735
1485010
1240651
841425
848687
463959
1035909
1628156
264674
1726299
622911
622032
209160
620197
4672642
4163334
3332035
2242153
3469103
2291267
643894
91652
1293802
12159
3589089
1289069
2201576
1392576
1337062
1194239
1107323
1287401
353511
154592
918021
846603
101027
1285083
2409258
749182
3759496
2170233
1494393
2464450
5152725
5153570
7482070
3388818
1317110
354484
1110445
863560
1930919
328074
88425
1027640
1856025
28879
608738
1651651
1271988
877412
594995
3375906
2981329
2192182
1757099
3457746
3644947
7049270
8155992
3354047
2243982
685531
784771
353892
347926
1463409
4139417
2176684
1497113
1009286
495275
73093
4395769
51792
713453
1606068
2327600
2179107
959417
2216674
3168391
4161363
2764922
1658497
863860
794189
509306
972327
834648
562423
2479458
2105215
1816273
994252
535108
3031338
4027236
3724973
772540
20185
334373
296626
1557147
1646090
573007
77626
1039440
533831
1312946
263067
258513
509147
398439
273551
875819
398433
529666
175105
275325
1297345
1325405
806109
4351125
4184741
4127454
2084811
336811
923753
1473338
2030821
1662851
114267
437005
1284255
50663
1014606
688520
171221
445458
73416
1028651
1177064
266430
679746
158789
1503026
275971
678303
2183967
2528839
967951
413949
636959
109566
310992
3196754
1655475
818902
2564274
2924383
4923079
2372942
1348652
3931537
1370591
923729
650880
133797
177556
1321856
722688
512696
441433
429422
401822
1197777
1448885
1442087
395050
249342
384614
571657
1316714
448005
1465122
1770028
679278
907452
2182196
2508989
1903426
3128529
2034998
2034170
1227107
438481
1071900
3264946
935382
92299
2075526
637443
47670
10639
184123
1521522
1752920
2101890
991188
1652847
493328
1406273
1613328
5079669
4596884
1792442
469554
2881757
1479203
286761
525139
832572
1758872
3082536
3245695
797170
667624
668461
2863191
5653807
5973487
7459960
7169473
5025373
4482973
3341691
3226682
409896
349237
2163794
3415785
2298366
1703195
699782
317287
325975
444288
1578053
1980611
837230
437815
397794
1046215
138291
1012649
169230
894380
2136658
2489926
2048713
1930029
110556
651017
2700709
3572760
764445
212846
261993
834003
638103
362279
376513
1186319
3049736
2370130
2841596
5238720
3304576
219468
402271
4166628
4268458
942253
660379
2019241
1225995
539646
1510047
3533112
5685454
371831
2360035
2491752
3303143
635366
1074750
2368753
1870938
1846201
1810676
96035
1069802
1016359
641477
152814
62683
297918
652956
3048967
3254727
2996339
90547
136377
2667897
6374373
6680191
6005737
2620163
1899009
1152408
1433391
2193634
220755
12361
387323
3330507
1196300
1195333
308822
940535
1301366
4414891
4618553
394287
218174
108438
77364
1621712
229691
469292
1902687
2845955
5296029
5537271
3973657
909688
3169176
2383745
480743
182027
575653
1177121
2323243
3244217
1098183
257715
204618
12251
109047
1330893
2047605
5732091
2649229
3433195
316602
1070428
104404
4133286
4832696
432025
2499470
1999685
176971
733646
1714876
357322
1331860
689085
1662225
941020
1903113
1919145
761178
1862337
1955132
4637646
4026278
1207748
534996
731306
481972
6856
1057374
3300560
3784055
4921305
6284784
602256
280953
1367791
276619
1021285
1818606
723135
660038
659199
310054
237702
1752095
787364
1359593
73563
405880
923442
1886691
312584
600213
4658257
3096555
2012564
927850
365858
827047
1585329
3013625
5329758
6846411
1053643
172556
1284782
1636467
1288127
148458
282050
152656
4642580
3576666
1947498
1144220
187916
314541
1099186
606800
194451
406998
1064958
2303392
1800292
2233275
3027267
180574
1246028
598407
1807951
2554661
1882172
1852818
1027819
159434
770881
1829712
1433687
2537330
133205
808989
185926
104423
203834
1518380
1190979
26959
1476481
2058414
3352685
2365988
1065262
158001
1429841
1121285
1510367
734562
899382
2555289
171467
579361
22602
145254
3517174
3859746
3625884
2161197
2144732
1285246
333235
274977
1860221
1701584
89393
498334
360353
135408
892247
67447
546100
317125
944085
1012510
130735
2858682
2091479
1772592
1626379
1000245
1618494
1747736
922284
234817
1843125
2662281
1292325
354055
1921892
2242530
2225446
2977801
3701593
2915003
391519
836444
1495361
1144355
899056
754498
512694
294206
1149200
565630
448308
932787
950056
111665
521591
3056372
2806720
1025078
554029
1913907
2404795
1172980
38828
242971
1156288
1922211
304352
2577415
1390120
898871
112794
1770516
1800855
412963
1656094
209737
1976571
2133546
1505350
770116
2057266
192766
1529629
727891
3450463
2544639
1584101
5560211
6459240
1432039
1399158
599035
1126444
1442266
2021945
2397060
1297881
715550
1391248
1215827
767194
929549
2733281
3655332
3965905
5205655
505775
1250352
3619911
125241
1767106
69223
24217
2603290
192216
1275235
1937697
2914182
2934011
946648
1197776
2779422
2125100
449597
20508
2350515
1435792
563209
333032
222857
2503827
3977550
2425536
1991413
1404717
559011
543034
1227149
457993
1063515
927786
1128381
1965301
106176
1675220
1389151
1017513
3762714
3550140
3184702
2789714
2019348
2502339
3366062
2604654
2240914
1678699
868056
379180
694570
592418
119896
2089724
2732469
518655
222360
81971
308785
717991
2045666
2080364
2392154
4001253
97969
1588637
1996284
2294443
2313558
5141589
3920081
2695328
374534
478341
4820271
9173725
6540968
5807008
5630780
5410205
1091636
627106
1016606
22424
4915880
3250516
430570
16449
589348
30491
530143
244970
329870
654889
4534464
4821876
4818808
4217346
45502
23730
1001678
820606
2565311
1813903
36160
683230
1109985
1392075
2707350
452905
286159
3263079
4022858
1612358
1776161
975795
2283380
1222742
295173
228182
336164
1023119
2669024
5506936
4936457
367778
1795850
4519628
4851120
1540528
1456611
1489550
2018079
2538957
2057546
1248872
3377218
915660
892425
1356476
1763092
1607009
823772
218017
78763
48138
1767268
77452
3295023
3160950
2205997
2186373
429262
43581
1347697
888067
197860
3609729
5774021
1003133
69596
236431
918568
358074
55020
719605
782358
754443
610997
1032843
5894732
5893865
2890313
1236970
405398
838040
115881
415240
822925
1230050
1204050
52623
174622
306290
43583
206093
211899
919702
2090297
4678572
1371122
195908
1333476
771731
611324
2310334
2992326
3217592
1094955
549652
806268
2022105
2912922
4316934
4531084
1247959
667960
381678
442333
333620
305830
462363
821576
95227
111845
1257326
4428125
5708678
6591301
4785726
312101
179787
1869259
96675
1726134
750734
184464
1923325
605848
743325
438803
928896
91352
1730456
2171750
135567
556447
647093
656819
1521253
1249580
1502786
2192947
354383
382963
2920187
3238410
2056138
1684364
1007650
237290
229493
1140820
975563
524466
2353722
1260596
628406
95446
255300
1946719
279504
485599
935996
296125
462690
105371
1858670
1258067
957328
151206
806750
1100138
386494
668771
1262191
1995641
3691909
5968048
3669621
773504
463478
269717
169282
1157750
2012726
3332097
3254234
1442601
97405
2264631
2932099
6108401
4497738
2926949
1799686
1240201
1350921
1618652
5159360
6490404
9031177
7106213
706191
597279
324844
454820
677163
196401
594741
136197
684907
1582180
935192
959721
1591867
3958830
5194518
6725478
8931927
10075144
12771472
11009360
9508523
7071685
3968658
3047499
1708366
1677220
1574099
1111780
538690
2083107
3243413
1258470
1011235
1093340
92806
1428372
2843030
626150
818690
2238498
2237777
2043135
764937
3444352
3760848
1910896
2141534
1137253
3856580
3185882
42879
1245861
193811
2430407
920995
300483
81504
750105
2891716
4603382
4947628
5814058
5780799
5701561
4448956
1065912
939872
513033
639704
1575565
1271851
1796172
3712241
2943419
20934
540633
108780
2519948
2264483
835533
2111902
2209157
2872903
3234071
3345736
325497
2427492
802860
193493
2987803
5438526
853150
29736
1217621
2781718
1673987
2716436
2375025
1846828
1342532
2084967
726786
251661
1030644
343907
867426
2219439
2782511
449291
811678
118866
174461
1016364
990704
957840
758202
182366
1925922
2461863
987977
706932
228360
1071878
1162267
2401977
484952
2383902
493816
2546468
3834203
4092775
4452652
4622187
5983667
1263619
1478718
38734
1039459
2462190
624696
2254972
2904033
1394322
564017
856276
368440
1943176
6926764
1691583
2093
1294276
1474054
2413759
303710
900703
529516
2193327
2499949
4446699
1023388
258176
117156
3035921
3132528
3273122
4588295
6925485
7678645
8771763
9295515
7318267
5386545
3690026
3689179
266930
137342
943028
1654649
1034601
431684
907436
417174
11935
2872256
2904532
640700
739290
884211
1605741
2038905
4558680
5916971
7684939
3086071
2852039
1465196
1709496
280634
59544
1671248
597112
676513
677365
29981
863743
1008179
1600402
1473717
123303
4697790
5301226
2478684
365535
3234
225443
6035474
5830179
1547790
2232707
2305164
1765657
1153917
2436998
551595
80199
659878
281765
1616393
1760344
2327548
3013772
1887445
931643
53258
183817
831375
1657715
295492
234170
234916
1623978
1999871
2395982
2825454
3017733
2632751
1339771
390372
520727
1006471
1312355
157340
275954
1513754
2488167
1156607
400198
6671148
7098951
5813235
5308764
2911449
2632750
1389800
987504
3606523
1987665
912944
2063253
233528
3116001
1682461
1213937
1044232
655844
518765
2173371
2296287
3942528
657130
327350
103324
56153
475756
660687
5370283
5795054
6904056
1448718
1975773
589229
463961
3769495
4135196
162457
1912837
1110613
794680
251437
2635992
2301600
846807
146529
2135215
1033959
413289
116671
200569
425116
145039
307224
146850
2071481
1117472
194317
72653
5560525
4792344
3387775
257363
797224
630490
2438623
2454244
462841
3446895
677289
1923163
146850
508179
556112
621965
620189
262114
1893643
3689030
813998
659316
1206074
1045070
37920
4651944
28973
4567392
3509355
1561607
4831735
5034911
3282634
1933009
1824788
60375
1614131
1619462
1736786
2326630
2224623
747025
246346
247248
1047361
1954458
6902
6094
524976
360680
261603
2383108
3052029
3311072
333567
470858
980876
879268
327921
260625
2562240
2512468
1786968
1149662
890970
2011395
3281671
2981821
771554
353902
2276858
2332595
285977
2045987
2614530
2615163
578221
173813
487696
2666644
523786
1330960
1783901
634805
1100779
3126586
3172742
2493544
698299
322412
977627
423296
90369
786734
766744
2042920
2479925
830951
1178563
1501003
727789
14417
190919
760430
665044
620150
564358
551063
1182820
488918
16627
1262704
747347
2009341
2474440
1808424
1425792
776891
958157
499798
103255
2732918
1083317
121841
2211068
1053671
819643
388037
411847
851434
1311543
493432
938289
43566
151165
1616553
2966204
2428447
2062588
1272963
205112
2173806
2024023
608894
700719
467998
158148
3189688
2064197
1965932
9679
3817939
4273023
3287959
885170
349876
1486331
1807472
292548
875645
1922206
2320169
3351324
4366284
4243083
1204448
482205
995233
987161
277734
739932
1195832
6415359
168480
86658
1367419
66487
4359
2599033
5971077
5988666
4350214
3163697
1228100
1117519
131358
3233
1208984
1294268
11893
477196
417165
1646402
440730
813031
92798
812480
387811
1000951
1503480
4454575
3747411
513839
2105934
2571763
4683744
3879417
2640126
1517455
1291039
813192
366983
950164
2942915
4814946
3885552
2215586
1293300
433784
1458347
3433587
1468953
1361402
758009
1068018
1324607
217386
1459685
2206296
406683
674252
866779
2321778
93280
1143154
2833175
58909
315663
929870
2637423
5284362
3436592
495112
287255
93757
494143
935690
805509
653655
2853043
941364
1302495
771726
1996119
4272482
179774
524814
1564262
2336001
2627112
3378988
4280621
3897651
3345008
2803496
26304
576526
339218
2399513
3792477
3678882
3972703
761713
1163547
169926
163960
708779
129433
425879
120226
3645738
2275135
1270758
595655
1741453
1061718
999103
2514465
2513681
705552
444119
5157131
5254450
4006720
164070
1575396
1475667
2085483
2149338
2850619
2650024
388461
452835
776403
1842159
3470708
1365758
817871
661289
1566353
668596
779632
1482603
6134
528128
1216490
4990434
4358569
3306230
3105601
3010555
2565784
700922
971274
572219
1003320
1622521
1596693
847407
258857
1856842
1652694
1506968
3214700
6282379
4581274
3114155
2247056
2150067
931437
475746
64448
1134345
2476533
1197282
1267872
1110824
878561
4576107
3872696
1574106
1704013
763009
688323
2906133
439596
370853
1194498
1523753
589357
425080
34757
275652
1216650
171381
1105941
2358252
2001436
1664476
842082
421366
55513
723792
1016371
570478
707654
3574221
524000
499225
1736775
1949315
3064128
5663821
7192922
3637353
71874
187200
1114658
1493576
2927120
4812202
3382047
2254588
1782159
1081084
959731
1165783
441399
1073881
2333074
500764
1453549
1664960
152343
2386654
105995
717339
828247
912446
4513926
4351296
1756945
643422
563861
22108
667312
3263596
2026450
2224469
523840
2367290
538059
220105
216135
1638981
1863295
1160323
922880
313158
424753
132975
2429257
1046389
3193715
434907
168477
3189685
68882
4186686
4185853
913410
278867
576922
146858
1296045
761481
157019
265627
127879
37637
3379630
3696257
2631792
1422243
710045
1805664
2414184
4867716
3804995
1720962
2084593
2900658
389088
15978
668874
90213
144410
2209133
441702
3908794
5308711
4308531
599728
88531
495442
2100080
2171101
3407054
2943093
4244788
732829
405389
1048814
2212849
2047578
2076322
1137084
1013145
1988529
1532951
2199429
1607508
2478477
833693
712751
479945
875811
2689081
2751373
606465
293573
1166921
125994
1377060
865968
1542475
2504175
126684
749291
1885569
2138731
198528
1691114
4480243
5469782
5210464
963118
287256
248850
1147899
772042
5485158
5919431
3065475
1729190
280171
895936
1485020
584940
614617
535622
600493
754936
509154
823040
1779022
2515504
2956164
269806
289678
1890086
18261
558050
1958516
911798
2859819
1246017
698133
1076407
1818114
2086340
7287506
7664923
7458026
2642083
1948831
2261425
2094070
740897
1175717
772920
256595
2996024
3689555
3411586
2251576
1359924
18239
3952204
670695
454932
275476
2206902
803350
660044
207214
3674469
5886995
6139391
616504
622763
586458
1063029
424454
620832
2255936
532655
182419
1128208
922244
1538277
233752
760586
36794
1220521
315536
251554
445572
1537422
1423376
689958
511252
848500
2845780
2956646
2436362
930359
1241016
93921
912412
213348
495759
1836024
3292160
4203958
4031443
219639
199952
1066563
912768
13394
48555
52285
158964
203176
489791
108922
1735476
1801319
1159032
1449165
373921
2523080
256594
10975
1083181
288880
229636
187201
87064
115710
950370
949706
647622
450734
494785
177194
423948
298824
297957
509963
3098664
2580983
1754691
2383527
2763638
2050837
1826985
1732418
664080
25822
1167266
62455
858545
1076568
1147259
2099558
1874756
1320738
159299
1534890
390700
1945674
855087
2000042
2923759
65811
282579
586903
118455
1278194
1479051
4339036
4015305
2013865
1353981
1743613
2568370
3726013
2691252
815455
749452
222916
823523
2457499
2597990
2502584
862580
261516
832489
3875063
4158771
2286601
2822924
2823811
2872412
394218
6923704
7415428
6308681
561764
1446290
2309351
1931800
1840736
1803663
1303251
969104
1505805
579355
2579829
378
2930022
2095200
1425151
1179198
127177
1061561
1696269
193978
193117
1049937
1526977
2579467
670211
266699
2231569
2398273
3686090
6338538
2252784
2000796
887912
562057
265150
1073017
2412798
3402384
2518341
820303
2130380
1064466
1364630
1417239
1086253
438794
66814
383925
1136960
2118117
1283803
1420928
1847806
558215
882914
2821972
1184372
1452747
2500267
345515
1628973
2782721
3070695
2353731
1210887
885219
1435782
2027261
6098081
3700452
3581515
2911947
2832063
1964163
1786062
1212774
528684
346160
1276034
2448463
671180
32436
629758
6678082
5286017
377310
134593
573869
345769
811745
2152260
1467202
601983
2208934
2856545
3654376
411686
1727898
3277101
3402541
3687865
24688
1678675
104571
2135219
1685615
2005310
1509141
1073474
1232750
1231984
536427
363491
2685117
3695771
3119133
55032
2275946
3988623
731536
1342523
584036
276447
357459
285317
617603
820617
994909
162187
2781233
2166693
2122151
695740
132974
603238
3907968
2002106
1904522
1631044
778776
1653342
304342
788183
708942
293875
1303953
34150
743156
817714
1226491
1171943
438631
1075597
959925
928583
851926
1161794
339876
137980
266369
1193730
709429
1353288
1846193
109575
562528
1722409
2831093
7300198
7692844
5668326
5575675
2549973
2584
365628
402319
2744310
2974238
386183
346621
604311
27697
398772
219191
145563
274562
2802370
2382623
2325197
940688
250626
671944
1927969
5940369
6535218
11421490
11623868
14004866
14316169
13562564
9470607
9317780
8857684
4012723
3651554
3011359
2606938
2804143
3587000
4165391
1715473
2902587
4495091
21626
163036
7728946
4407792
2027046
985401
839502
974735
143788
3463382
498900
1452584
2861756
3438692
2830614
1551351
1054784
1931236
4158125
5342172
6437522
6826870
7017116
4216362
3957024
3956156
3470300
2677762
2328050
745537
968626
546270
1075116
1386420
1782967
4444090
3137723
1407555
3160311
3069631
1319608
840308
310658
812388
802816
162993
1552318
1982072
660692
488661
384405
381342
655529
807387
2582730
2499780
2199454
2221559
2442814
2443651
1220638
2176705
2087778
1587478
805129
1290891
1410617
1839179
2773805
3416580
5271326
2153944
99733
1891053
2279981
2491730
2410060
1888148
1422178
2858884
3398912
1661572
125876
111249
1090328
969047
1148061
206891
566764
1517946
277248
321985
238677
618412
364722
2639215
1896220
571769
1637692
2819477
2278578
2519630
1095127
673924
265113
1689649
2053651
3113569
3062160
3061572
2178605
2565302
1615098
1427412
885738
1343295
2676333
3607264
3946878
86327
261113
1030915
3037520
919450
1175499
1614933
451380
321286
802303
2049048
661174
876459
281766
1075440
379104
600979
1534241
1410261
1309881
430036
194266
195114
2276635
2907669
2891450
3349494
233357
2651962
1113042
720082
813519
83433
146604
1347524
1030929
2286439
1880301
1353930
50189
291126
646813
158799
3055089
4195462
154924
1793095
567868
1104563
486692
1312365
58101
113127
203659
1258930
974989
1904936
1978037
2929377
2819480
229161
453481
1466316
1467087
1691838
787698
186272
3385762
227709
213344
3113631
132230
2163228
1420632
499469
2873639
2167224
1248438
707121
1450438
2832501
3104476
2949871
1859771
206084
360683
636646
956350
1448098
1589182
1533436
1218584
843373
1572812
1674522
235297
498503
339705
660402
430565
233525
1801325
2224470
576776
1815848
1616709
955210
789472
948594
947799
610341
844985
315988
801412
727343
653586
2874022
2216509
230260
828849
275313
502052
967957
1939630
2826267
1173543
259336
1791641
2159903
2210181
1685718
1557411
506574
1928498
1143542
2876677
3022815
4162806
5114104
5618647
4740550
566933
163160
2210107
620990
699098
901472
893404
180262
568125
253330
212554
106836
1181788
21866
35340
1476305
3270863
71334
1029316
467357
1935
3056381
2253016
127431
601947
497535
401196
1257146
2284335
1118851
781245
2912596
786086
880651
968951
304690
1176220
996280
1469935
549343
1052360
2082289
2186797
7290428
7526696
6609981
5278459
4109227
1514921
1743878
139592
1694812
2384818
2857079
211892
1648913
3940582
2778813
3233581
2586445
1011590
1649308
278703
335800
5541475
5542150
5237153
1825896
1185179
440825
587037
163886
2413118
2820445
761877
728954
1504229
237711
2974940
320502
2788867
2158463
296292
510449
35344
685150
1728042
4815270
619055
3633480
116932
474761
385541
193525
305171
2157008
2644300
3585708
4176844
6871831
9024870
8680488
6026914
4628268
4554142
1104166
314135
1696916
2623882
1510520
881781
1981405
4917256
5963807
6382273
5869378
5305866
1141284
117805
398446
2516100
2718536
2918075
2484889
116196
310336
3375723
403773
1170653
3014421
729411
3997967
1211157
899053
1133135
45511
2856341
1198680
989746
1872012
1874753
22981
1268225
1631783
1065950
3465480
4521068
4780917
4579007
3901869
2027077
1594213
1573137
1547317
522257
1955848
1230930
1997686
347330
557809
123293
1021701
1461961
776920
629220
409166
252718
149436
1332957
1297074
1889116
62130
195753
1980944
488176
142338
1146444
1145598
1291
707005
943587
958279
217061
341964
1436930
2328882
675700
1050104
791886
694261
425403
1973354
2440229
767930
3801795
3274571
366173
1652538
122808
896465
367367
240119
1580058
1996949
970859
1376576
942624
1044
57290
9037
1163388
7087789
1255214
4050324
3233096
351325
223891
1508101
168646
1760017
988296
1374478
2787202
1670387
2578449
173613
302588
215280
359555
725246
1215523
199631
1411269
1252152
789595
3063802
18891
70427
1991917
480106
256434
45025
1589672
315497
1284424
4552377
6351768
6570470
7534203
3685608
3485238
2872088
1515202
1110463
102312
241261
411195
490221
6292
145461
146236
818684
2161229
41797
1244234
1379477
409725
157183
490919
2530769
3063
46482
596621
1919295
4058490
4461685
1308795
413620
516741
22915
1483084
2017323
269825
1737220
2015959
4589175
1463558
1593633
1596093
4283679
521416
1181307
331473
937137
937991
1082861
2551589
2284497
1642374
11458
1019762
4033541
452437
8714
1084153
1601700
3248099
5497421
5073848
4300539
2793335
2466214
2040330
2973111
378761
137444
1890410
2664876
1439234
399418
21916
115066
1468633
258
1536522
1008790
92634
250622
3219220
3111095
1604285
1173399
231907
1638328
1513430
1417569
1186953
31958
1080769
1049935
7025939
3759725
1973303
608139
1874814
2013553
900760
660533
457511
1147738
309825
2241729
3510181
4868363
4403910
4265030
2244368
2974242
3833769
4179593
4737426
2811274
1407720
1343473
746517
2146492
2309678
839339
2545612
3093984
2168470
1510039
1158230
901958
2263328
1593838
1564893
252239
303876
2777064
1633846
83438
1123338
242712
458319
629836
1522034
1242308
699901
42609
2588398
2971984
58740
531591
5810
1689652
4470521
5049427
4416015
4069691
609976
1963190
208667
977641
1546668
544133
501892
2408438
359313
212539
2058405
3097371
4212350
1872332
3893137
5033935
6203620
5389180
3565906
308237
1955444
1251826
356449
109504
28403
2233185
879827
197206
249008
2097630
28953
49318
548881
381991
758486
128615
289996
271128
374561
697321
645033
2129411
1159036
1031547
722999
310976
114901
1223102
3131425
2248515
1770763
2010842
2885640
2017902
144600
903405
1331713
334920
782537
1666087
1987717
1278897
1227621
606146
64392
2228344
248706
1123689
2002890
1278779
318724
1309927
416849
408109
1698526
852684
1510515
1197643
3284894
4720555
3195174
1257799
2420219
2235926
133303
770215
1669802
1909064
525919
3524550
45022
2472671
3198623
3199435
817715
1182110
1259896
2789134
3242452
142980
296776
2920499
1819244
1586563
2268751
2450108
4763615
3826401
94942
55435
1813750
2521729
3969408
5600220
862250
956808
70630
172997
787208
1674693
576546
499480
1260295
4355012
3528814
3415746
2667881
841850
1649094
238195
466225
1254921
264579
273861
2683225
277895
2561544
4271900
4585645
4091474
4007078
1042165
1133748
1478731
890371
1640105
1403487
2919117
2481268
1139631
387478
325340
1177269
2070992
2237704
722823
999102
752703
149274
707813
1575879
799627
330029
672795
2291922
3473049
1028576
690523
123133
333856
264015
153153
1237899
1834895
336907
312274
93722
213337
120759
518997
4427149
4412625
3477586
2666653
1211947
995541
1157579
2227532
4235427
5031032
5631530
5451106
2150232
1381741
892112
213346
102505
517062
1856519
1051233
24004
290325
638257
2484612
2845779
4942597
5291826
470911
44971
2174854
2227133
2842160
979583
765362
497048
829172
1986973
1934466
2241696
2142975
261755
1184851
1897023
1343155
1031704
1940751
2493000
561762
2131011
3820678
8004948
1089478
1325257
2430028
327
2634371
2431681
1081414
608240
712977
498990
996803
1051623
2177226
233028
63053
1169790
381346
169609
1514876
2284502
1077861
294193
772852
131525
1794069
280801
479941
2015027
2155884
75686
49417
1400301
1016057
1651319
524812
168897
246912
845307
1089639
1886217
695611
1098997
1300568
367619
152898
294357
466992
708365
1266032
1263124
2003379
888182
1433866
3702877
2603228
2511081
906650
2704250
2877411
633422
132819
449441
2258776
1028803
617762
780688
2332594
547404
459452
3224
892594
1007495
831109
294046
376986
30535
364232
1614050
167294
947907
3915414
823209
1103523
2572722
242396
437663
183486
311299
331887
3735629
4592559
5969618
6651129
6888195
5822733
2653095
310656
791570
1608316
2116148
710847
1019762
1444215
1415490
965864
436213
420718
10524
1813233
750743
2090358
3278607
562388
3988331
4451678
4273675
3403513
254389
980869
947627
914302
1463709
1072730
1973358
3017328
2295263
2029202
3208887
144757
1532141
2171538
206066
161845
50353
133459
176710
565104
999763
613527
2099479
325667
913899
220120
252581
584061
134105
2435742
1204004
442897
28731
1087378
3111088
3946480
6440262
6169993
4367925
3429012
3189041
2278889
387960
1105614
369883
313746
378918
3382530
3839880
2669070
1273797
712512
1648659
255249
1389968
444123
143464
776167
4157324
3643284
2793657
2161147
1268487
471877
87791
1355431
1677384
1658228
1763043
994266
615898
17102
4606
2460888
2289506
1817144
804639
433956
2845212
460078
324213
66810
346265
396029
113775
405713
1751297
785256
551764
264182
3141581
1151935
816425
858062
47706
82625
1205212
534327
219311
2466210
899534
2395855
2656000
2671009
1611724
1719511
36154
1713360
4297984
4037415
1997241
2009668
1024077
512062
824167
2395203
2990379
2987305
2190225
1003830
997654
2487049
2659707
3502650
1317081
429757
442019
1567806
6060781
5919595
285895
705875
801097
537237
469133
103286
273214
749598
581658
521905
2790266
526425
86944
271439
1265382
1565782
1426120
2826250
4757658
444775
368434
679090
340515
1024926
732505
116037
175810
799479
665262
293068
380212
1567239
1211328
2130544
2472994
1631558
1518916
1377707
1252150
2171217
2967297
3000866
6506208
5620235
4196052
3504218
396021
1694199
612759
384570
3211039
6176185
6334177
4014436
736706
1718383
470906
538135
3006351
2639216
674829
162025
1229716
877667
372146
1047200
637131
3061545
92153
127305
725953
703293
594844
2275464
605824
2993604
3350578
1374960
542722
936973
1741458
1348814
881283
208507
353312
626476
515447
46406
496145
735897
804807
1714187
1003788
1224234
2192124
2949871
1490996
658432
85041
23032
228076
2541401
2147853
1921073
1571931
2984701
1644308
900661
330575
2847076
1302343
2010584
517384
520449
1426602
385423
703311
19529
1385125
1443867
751831
838371
1369756
3960753
3400286
1947517
103771
241053
580643
972477
791085
290809
770313
625346
3656916
4639035
3140949
525773
233035
715239
2923404
7284709
9214659
8300117
6453199
4319581
1538111
3625194
5241790
6183282
3902063
169216
811668
2527859
4142635
3187261
465589
767387
908087
1951407
2786526
737834
311598
705556
497537
3054938
481562
223278
905990
288184
3555977
3105604
75203
218348
1302178
246589
854508
1686745
1470824
707938
1864750
541756
197322
1634264
730250
229324
686659
891624
232551
6697131
199788
3874694
652015
1099480
136937
88277
847729
3673014
1924506
1078345
358002
653749
965213
1928492
2029034
3828291
3630254
1718055
54061
420070
102004
2176856
431370
274804
253369
1931205
4144277
3192911
2780584
314690
156701
716536
2220858
896984
2678426
5116240
3558438
2611457
1814401
342100
1719949
922288
2789780
3170509
3550219
3204048
2926604
1681287
1234725
257037
1652491
98282
641974
383443
110220
155084
514803
1791480
1884759
1850185
1234461
1843606
318724
127234
855896
1222229
432339
1415793
1012501
410275
272611
208828
641162
5825822
977800
986193
3214533
927614
305333
541915
83597
1070436
2059627
359233
96507
2015480
907927
867419
702
307912
4338712
4143761
3760486
3125132
871777
172452
96508
20656
774868
505117
3457309
1137897
349644
735890
1292494
1269472
923904
631639
1693651
2309996
177306
347449
1596210
3038468
3107378
277092
46642
19991
2190625
1391892
2325332
1649347
686992
499769
1189372
1525205
396349
96344
1064139
615662
1427735
807713
325375
426528
1779864
840480
1477115
102152
125760
363347
5814179
5340400
2011241
1253536
2203681
2200715
2139067
1441289
1033587
210277
1278458
1284310
1607349
3174352
4003040
1027671
983453
977155
1723261
337961
203179
1629771
1581044
297585
4838176
8474246
7988168
7582459
6727647
6690267
4952122
3325083
3282964
1351429
531852
58741
269485
1822309
2447977
1650601
72458
861124
1201199
556116
1495511
1780749
1712087
304203
583567
653591
1111938
2534961
1519932
953273
3580127
3361031
3173978
1143815
397912
805611
1125512
246750
2760412
1760497
31029
4205610
393121
57933
248202
497211
508508
557247
289011
1125341
392638
300650
2794782
2901464
2738457
398358
302907
509964
2652611
2140227
2050499
1209870
476042
888882
1249148
1248924
2104141
174561
1574928
2430549
4808648
5442743
5123993
1192688
407995
3706878
601946
381341
11614
200755
123777
740409
704749
1444570
679051
271443
170903
1739358
754293
101545
1363236
1028420
1065807
4755717
5220387
5069175
714236
267253
1075382
1017344
108609
908982
1369636
1694394
1065596
1336551
239004
777529
1072795
231581
150332
677667
561603
4926619
5177082
51321
1039772
1303951
3212597
5426735
5800817
6968570
4464206
591139
1814401
682962
1159423
2748561
51643
2139901
2095848
1743879
936976
807386
465740
2572723
1711098
516045
124746
1496801
526195
2146197
1862168
1634461
671182
1220420
912156
1254574
809411
7114
1230374
163799
566607
1752749
2401181
1896220
1627682
829819
434436
1069954
1069125
586615
539758
999107
219638
827559
1242143
3448860
1463828
92159
527682
925675
220610
214566
483904
630029
1893474
121197
157991
1618828
2971853
3739666
2052432
2050982
2682788
3697867
769947
838050
111792
602437
372408
1229065
1229919
4775581
3527937
83112
2158140
388398
460669
1146768
2666324
2218176
1222941
1025089
1679161
2156686
2024787
717011
208987
1782773
758488
523199
1420146
496893
125231
199466
1237143
2465155
1892566
572988
321848
419265
626799
1262321
2230277
687509
645363
790767
1165006
555947
4368404
1108178
1708210
5683009
6461151
6529448
8243635
5214200
810490
1259228
4097795
699904
2192538
2725874
946500
942692
798121
185267
1153223
330635
806258
1061857
719757
840143
357941
678119
628575
78594
424915
2578856
460261
393120
447182
475101
2345988
1959190
612942
827448
2694892
1714023
1702017
759736
1022019
1367857
2050335
223999
1161292
696680
67450
368517
2192834
160896
1483248
1013467
1861037
176227
467197
36311
1981103
195111
310505
17269
429295
2752821
848216
863384
1714212
1695943
1931721
766241
379887
1944148
2388751
4571094
3755805
3061064
1467915
310819
1008971
2959553
6172958
5162100
3682903
3353646
1475792
371337
140291
409167
895196
1391762
26818
66975
1226165
2765579
272898
15171
73170
246265
557732
1108528
2041782
2719580
3166804
2370715
342807
488585
2537024
5376107
5547415
1812711
780419
1977394
592429
827879
1559256
2079883
2559619
7502895
6955494
5455784
4688260
3106146
1033963
1813270
1111427
655850
387153
959244
761448
1623122
1954318
1267967
760453
270637
2360994
2494133
2048653
1672203
709287
121702
45834
3180967
5290534
3871840
3764358
3575060
1246986
151214
1635027
275477
592106
876943
1582819
1071220
572682
505306
591615
34557
782418
210925
2017420
122647
110060
1661733
2979888
1660306
864314
397121
1964626
2055966
1477772
149271
148582
2598717
449123
534500
4084222
799733
326794
171228
572737
2359220
1716934
2118440
3205288
2041624
1383351
1445334
487854
787133
2246490
3111562
1534082
1533302
207051
899856
339703
297425
639068
1185177
1550704
1276737
96181
1284426
1123859
497751
2293
1261671
694741
855348
160445
1936359
108444
1008144
733374
707493
261275
566266
2066961
1428054
152182
128612
3205499
3316851
2573206
363425
1337037
1779137
1416345
2271466
5922496
936068
352585
1099507
2456853
514963
388928
3181615
895200
1393198
2053728
2315899
1884009
3921705
2639053
1154839
191557
163153
412651
581614
4510742
2289783
1787933
1803103
3156580
2577407
773655
1258548
1481148
988615
1643014
703779
160572
1272972
1440594
1623164
3112866
47928
542885
414911
1975778
4576173
206889
191560
155087
2089876
1231113
158152
815131
1341071
1041111
255467
524647
3161735
853952
1061444
317714
157508
1867979
4865617
1517910
31147
95740
2454485
1722147
1568427
522141
510769
1567486
3968384
3981814
2532702
505927
1414499
2848039
2640343
1877661
324808
574028
1158550
17106
988775
1102229
1092062
1062205
126066
445089
145889
2454353
524809
134270
475590
3444119
3580631
3004703
1211119
601427
2706671
3367200
3886037
6583512
5633142
3928510
1034609
5825508
6528645
4472329
65358
590654
436213
18233
132598
209313
18882
246429
522388
854672
2932926
2583052
2208167
1325576
973931
2112144
2797267
377531
895663
135556
283985
830946
1202770
555149
295334
476385
633902
415716
234043
1769697
4013839
2012573
1662378
1661577
163965
483980
1506307
2027260
305975
516113
624575
1166135
1166895
1790003
3558957
3624084
41475
2897735
1304912
1027013
732335
1924944
317599
1223623
2860953
3175159
2458308
722178
1353816
3574733
5447878
5791303
6567419
8508780
8702270
8136845
247965
1059625
7911
1056071
2956790
1141926
144574
420397
1541376
22592
90212
1954478
82463
2720124
1932633
326632
2701347
344707
137848
869119
1546585
2276423
2365998
723180
692999
1055588
1828276
986199
488175
930033
5279881
1272463
1129016
525278
130933
413220
895876
1499438
1826179
6139037
5948520
5768539
4587882
3317657
2485578
108611
1015406
4300624
4075969
3492915
124908
1099485
103605
83267
38247
73053
2175732
1565713
1865883
2058892
2060486
1806746
382042
38570
23957
293925
478328
46312
36152
576783
1304278
228873
54225
1580328
2672135
299361
370528
899936
168803
253368
1040742
2326945
787319
590167
1118181
737326
435735
3602167
4006425
4199026
3693998
1448003
73642
1455486
3669142
3976893
4452808
1291853
2544582
2545429
797382
130556
97633
91020
1063819
2830646
1871530
1165653
162093
1948889
3779042
2059214
1829893
1526012
4099708
5068310
3758871
3489043
767363
672472
1021375
16461
124261
602294
1476630
198665
5903614
5367511
4572820
4190564
2217955
588230
821264
227226
272408
3709506
3753386
1315413
941977
802383
434761
315499
575890
1640168
717013
147343
903890
2201713
220284
3180596
2180087
987486
2156853
801740
4879174
3455579
3164931
951018
841112
1359466
1050909
1508904
2020321
1555057
914220
570696
2143454
304848
348096
693194
1686825
640036
1188568
4118528
1342846
2210263
2617913
3785341
4711659
3901232
2423937
179138
455624
1181788
1014437
275338
152018
938959
2033581
559989
1221162
1906223
2007087
2203810
2306125
6133
1084995
1014858
1003785
741025
2983992
2984868
1754365
703771
123616
3493154
4574375
7643086
8038517
5886187
1728709
550466
5181230
5150940
2968754
478170
1485990
1671091
309146
1942052
2255935
3672879
4578845
4159788
2374184
223835
143188
716534
461390
782374
1580079
2567503
1284539
884204
535986
1062206
585966
2818670
5955420
4978745
3596040
478652
2111500
1746298
1663831
2259264
1386204
1206965
981836
319532
213190
640842
1044132
1292011
1660282
1775668
2112306
2803984
4200728
2071799
1314927
2162497
2582351
2044043
1728383
11353
2673588
4327412
901311
1197604
447670
2028876
2133933
2341790
2016124
234648
3712
3590481
3456731
2643430
18559
136529
1703046
1968517
1527952
1400611
643260
2481848
2445065
760105
1835543
42025
37763
3674038
4384840
5424750
4748937
2408116
1002495
414747
185478
134706
41559
539502
319204
133939
425067
4125848
3653347
1771587
89065
953436
1602526
205275
122971
2170566
1492286
1978123
797384
107243
1516169
1462267
321307
293713
5686397
7307302
7464598
6439719
4729153
3921396
2601126
241262
1039644
424294
495923
3059288
2855786
2457560
2023709
3358648
2576761
1759369
100214
792214
906693
724702
1557736
1853559
656514
430345
1875242
2476223
2471786
33245
4049032
4633232
843537
1782607
2119567
1668674
1667880
3079943
2751537
479138
1187822
2936637
1481956
425720
138947
32440
886293
69394
89385
86467
443637
2652506
2678594
1942696
266791
1831939
829142
1133114
3086249
2600727
61242
3456362
3577001
3866108
5134070
5746834
6736339
2739271
1149031
1689650
715718
959247
1504184
1806978
2618077
6702773
6607718
4780408
136369
211409
2386413
2541040
1612188
1532306
1365922
164283
108449
306274
1692793
1191148
1543440
777530
518815
2605808
5868129
5012792
553113
1174526
1550543
14365
2944925
806407
96313
2375867
680232
102266
1076893
1502299
1281685
299036
1912155
1964643
1403507
1236659
1085929
19040
1752885
1832313
244167
1024928
9845
1912196
1359311
1136603
1884600
224963
468969
84239
866453
1121898
1090930
528168
1668513
2208975
170252
47284
52931
2663628
1544633
946173
111353
582423
9218529
10008181
9127993
7983487
3116255
785277
553368
816716
1121269
1972390
1971665
58907
852859
857737
1010561
616467
320513
247869
513187
1532037
1920681
860851
2641474
176700
644629
645481
3562473
3979479
3384632
1187119
958436
1111585
137014
259637
1901061
926237
362300
373268
342285
828370
780949
812387
199084
565914
1886215
685185
260631
1238111
1214708
23886
742851
189944
1010080
1479374
3413677
6677280
4030635
2751534
1378700
455706
583713
1927478
2710224
3669791
2973434
1420467
639226
132229
252562
1364185
3849889
311625
2354377
2071317
967635
909702
913569
543490
1033163
1309232
286128
1182919
2746857
3183555
3790022
8284304
8427753
5954551
2506074
259985
1417080
1117073
1116248
1730962
129426
493500
492873
260303
3228
499958
873878
844342
674730
2362569
822715
2686662
4457490
5253168
3682700
187691
446131
205277
547403
1003842
1204383
82303
153795
924578
745089
36471
192528
207050
1563776
364720
391348
1250051
618571
62127
3317817
1034613
7118220
7213377
6863022
5517916
2138611
26630
345354
410072
1000557
221478
508159
564343
5410197
7137694
2925863
1600730
842407
4281099
994744
2032040
1039533
188121
267730
508596
1230203
65843
370854
737348
750098
1350914
725727
295164
1281279
1411269
1354636
1141606
1558936
459127
166224
896045
3020878
5685428
5835678
2457338
1551512
1188309
825462
581133
128623
35987
233194
757197
724434
99569
184615
30819
521907
328260
551433
314484
324977
2475049
3029219
4817357
2515362
1800427
194351
238592
318402
269184
1162261
2910333
359878
781269
574931
2153943
2965523
350518
1589988
1487891
1846679
3048140
3099341
908109
173313
722636
515339
1060137
1524386
774142
78107
588069
164280
910347
2549773
1848449
112803
1171940
1385936
1813271
4974226
1302671
307890
1734863
1681955
1588310
2707965
2764768
1065111
1542152
2298056
1863780
628253
754936
301135
2341145
2555298
1925749
1925026
1475659
146908
738636
1107226
221739
1118363
121862
145151
1174041
1489378
1050766
934070
32067
889016
938590
2112306
2138449
327606
405230
2251901
4024982
4726994
354877
2586895
5655502
6466674
2022822
1975617
841114
178597
5294891
4175531
1198409
1847425
2013222
2726601
1518105
371820
892758
773307
2917784
1051555
857572
447991
1633651
429223
2261907
1605734
1492443
11457
791733
651496
3389796
6357099
12061081
6785396
3638975
757248
1972383
1152424
845793
175420
597591
3397543
4715856
5018986
4603859
1016419
2936799
1181877
357210
175519
712603
3249878
1420016
1111104
793901
1919386
62132
61395
59362
60181
1964634
7968801
1868784
829174
307981
1623441
1657536
1246342
1533919
780278
1371086
3905083
455903
1382868
3594103
3616212
80666
612602
2200751
1476305
385217
1921816
2164269
751537
709103
642940
2280628
3328980
2348535
4333285
1498739
482851
3285218
3216308
1333075
340011
1115624
3299584
1526176
10811
458094
1548931
1053980
2794141
1470336
253205
922612
264510
532555
1689976
2056632
2166372
3086228
2309837
2054370
129713
3555619
3468744
1967711
754131
563218
116030
497155
2123929
356005
37437
566445
928420
938426
657982
2686749
3128591
4298453
3512604
3222763
2171857
2511403
1266162
1202282
838690
540461
35507
856282
339383
2609039
996056
2403551
4138939
477640
1771793
1770959
722177
2480257
2946641
2405416
2243348
1975616
639226
47767
1086416
1400460
335350
1053490
537558
175423
455742
1244655
1393196
1785981
1650300
53554
2337111
5912489
4787346
4469104
3021238
13975
1133699
1267484
809990
744447
18398
1038646
3189524
4818099
4669802
1892182
1613648
41960
960538
5991087
6849116
9415579
9624708
1647270
473517
366008
99572
1298305
4376087
4594344
2357281
1225997
1673412
371598
460740
848054
1894607
1047706
1051389
21950
1807358
2041809
2429929
1760891
1020568
337769
1481795
1488090
1157583
1626557
2286119
2335178
2608719
2740559
778176
2433131
2640022
202533
639257
1153709
3278928
4478992
951982
204927
25014
3270541
2727488
2477185
1719505
666985
128137
477845
464935
511307
825622
352774
421282
687968
1235693
608810
1178401
626394
250140
2853158
5534219
6381788
6653830
5124266
2029798
1251370
70545
2213171
2748288
3519845
3883756
2915819
2673747
1200706
300487
204310
147343
7333289
8911098
6985026
6038852
2762346
1174688
655848
2563850
2825608
5013437
4101797
876223
356653
918091
538847
2970198
3152730
3161930
3397738
605013
463060
1185987
1769536
3337880
7415089
6687600
4995687
905666
1665608
2471537
1574750
760263
757197
1797133
2720229
1946549
435314
4520104
1986429
1765501
542473
643424
1205442
1275385
242719
735089
2654386
3435256
3941223
4470885
1628009
1231812
27114
1448818
2296049
1871526
418296
872313
278376
182184
50678
2081000
85856
420072
2868212
46153
3380757
2613231
1208900
3153351
2926935
1059297
702630
91062
801581
645358
2108758
6219523
6545794
7108015
7064537
3818254
2426188
1876851
5409
1188730
3864899
3114802
1366566
162997
3130620
3463328
6857217
5430150
1163784
1175281
1174431
548050
751288
2572109
428137
695551
1224557
1609611
1979332
97148
97479
404748
628527
685386
203820
240943
181891
664155
1120950
1133054
816905
206716
621199
1707892
422653
2162331
4345003
1415626
1304938
143303
29315
1321695
394257
1157747
3101086
2709123
240839
53276
1709819
1276513
223355
600983
696196
38569
16941
3883237
6614819
5527760
4349132
575807
1294920
607148
641177
651012
2079547
2051789
1677541
360295
312181
2195420
3192591
1079955
258229
116134
1016731
253848
724278
1924786
1993451
4633756
3906372
3421323
3078487
3077811
608885
47936
66171
1250854
3472103
6118418
7050704
4035401
3344767
815452
584143
2014427
424725
360584
1084022
1327222
1880880
1636394
1506968
749523
3466512
6063541
5964445
5644275
741378
698456
2418610
3072364
2210587
690390
1271674
850954
581934
789149
770577
4630985
5100763
1638007
1424823
965064
2666654
3474195
1625441
1304150
1542961
179716
717496
1099462
783519
779754
518395
96506
171872
315981
27436
28174
1167659
1192484
2007726
1464954
104091
901958
1403201
1299117
737183
506261
21573
953115
8234
350697
366824
310016
1013144
1689492
3180395
844904
217060
123931
1234072
774140
179858
1048166
6293
296293
1091098
1492299
1272325
1094158
443958
1025304
4098901
4105377
1675122
74403
2000293
3290608
4239446
2264161
37300
2032100
1849901
568865
1717250
2282190
3583130
3065423
426205
1997407
3651877
611474
2538677
5863833
1149932
770252
2257392
2507821
3810679
4453780
2077930
1219385
1547804
2023231
2667947
3138523
2911298
1963840
1143056
664856
561424
105701
386348
770688
3282734
2481062
2605809
1054139
2012256
1572327
1376417
2173957
1241827
2761377
1083831
1961579
61160
826431
612621
44377
721860
1909939
909863
939395
4521455
4880010
4880736
6168444
6168446
4857478
4856647
3210820
2492097
2308112
2164270
2053885
575317
339383
2734680
942780
414914
3066223
2188159
126280
388930
2122476
5503842
1749038
1728228
1779384
2359642
2469437
1937528
26785
362304
937410
1300245
1912522
2166536
2554970
942626
2156686
884200
878233
1006369
1743712
1239403
1913652
3582486
3720629
6788524
7356527
909865
1035670
42485
373272
161544
703731
1773891
839180
2157652
1964785
1859260
1526011
627874
206671
524648
501463
832133
1535841
4139028
5081864
4637421
1413364
916960
1177528
447990
613413
2506786
858218
269179
2789455
670701
2105184
2125147
861344
1100762
140887
2923408
951013
1296627
595654
1127241
570130
185424
384067
525296
1734035
3303944
145864
179297
4281618
2024995
382825
3538911
5076060
435407
1986757
1938821
373233
3561872
2945350
2933088
1511809
49383
536418
703634
219157
148487
350197
420882
436054
585009
1279430
6217184
7102678
7192237
7151163
7095133
6994223
1455488
860808
605674
4041258
4582076
4669720
370371
567738
2527217
96244
199631
799968
910997
1270282
1673198
380694
22751
1583792
162021
114405
1951736
2183472
67454
357300
1849093
498180
333739
1053494
3283764
948529
501562
384411
208830
1583941
1427092
2538680
4360904
4742159
1551833
557078
231095
2555623
4129566
1199506
388981
1485987
269493
1520530
3201630
283220
967159
1604439
1344625
289198
289996
165089
1441936
519972
585654
594114
1632149
287099
1543605
1894531
1862485
1607603
326628
419270
447071
1234042
1375166
74459
1218635
1602793
992002
56218
2981339
1785258
20496
68582
898571
1080446
330440
1151664
573713
596782
1362538
2215595
1930912
105189
638251
1117244
428943
1269423
26629
290970
2277401
1729510
2076155
1946729
1045350
2252060
1122076
81318
1827
645307
5168
334545
2252550
2403926
1250745
3537618
1264678
29264
911797
388597
287098
621312
1091419
434921
245777
20660
1167544
295968
3833430
5591128
144540
316685
1663728
1206187
191718
2928500
4490409
3001129
1831183
443311
826270
1276197
1974162
1734352
340518
833365
1700625
1544429
4335803
543529
265292
94406
734761
1805529
2861278
2992801
4454810
2337432
1226899
966665
373088
424755
590172
1214385
815776
890655
1140795
1033645
1079802
394251
196885
217377
500037
2500432
1765021
383922
316949
1462583
406188
37917
656419
407490
1100777
1633173
2333722
3089947
1778413
182199
1205997
1629779
2460727
3249636
2225438
3109078
875186
665045
450649
809801
1646407
3961085
7033245
9034076
4405359
3549560
1978197
356000
696521
1085696
30981
514482
710100
1101416
925360
987323
1305249
5498069
6222507
7044426
8758598
6822511
531831
968932
1568943
557089
1964357
1232142
1637853
2218014
4277264
2422982
807368
1610235
839820
971033
1023956
1039288
810778
2808016
76990
84879
629548
299142
662758
745089
297592
860324
913009
2379882
1157585
315398
215609
321637
1142897
1884593
1356189
1344253
129754
582737
2958914
749947
1152637
3928623
3708193
1593788
2285473
2429099
2636013
3318789
1405782
918253
289676
4826564
4146259
4067826
1629255
2238830
768249
464126
199607
929391
580806
1049453
688444
664075
553853
127486
514968
3373177
4741838
649121
2575958
1950439
700548
451217
213560
1383507
1796164
2079644
2099394
505762
882270
2883588
798029
399915
1757852
2334043
498823
1418008
5000
671177
283382
99083
1378192
1176497
688151
2343075
4899987
2730876
3379631
4971777
2251898
640683
797223
5716742
2866756
1380606
466394
1226654
2234292
743625
648425
80046
20331
1933012
3135945
1162652
2781557
3071712
152823
82321
351167
766722
2217014
1748230
964247
1104325
789367
88977
657304
815760
5264479
2110999
294683
2264647
1934784
1733383
1091574
551281
1765830
1869110
1006153
1726158
662150
3384146
3851185
2181377
1893519
3468872
1222613
1108356
335346
41953
17090
241751
541110
2910738
3428365
4255602
1976422
963921
420876
917955
1096759
1106427
2122962
2091334
1666737
231422
629063
1256511
962791
891650
593670
1108329
1001688
1267643
4189435
3138681
2210828
1997078
30663
117006
1357048
1852479
257882
1615906
1520844
415549
309179
799007
799873
132004
33561
129753
561118
1313637
221095
1209549
752352
205678
1059283
2727171
5189514
612119
1832473
819009
1318719
3761779
4179106
5776558
152235
649286
941222
1268051
1241056
796954
558210
258709
146214
1781923
2140553
2964883
3536170
796410
2624206
1440447
422170
1585076
1356085
36973
337612
2272561
4730869
5031901
6020618
8554778
8849130
6656777
6225936
4956293
3905824
198338
1384316
453639
453336
1634797
2529800
5154813
9083452
5744598
4128751
817228
763328
2383747
190754
2595798
2204774
773289
149766
1150964
419263
1330794
1940278
2339860
2116556
3615641
3573122
2538512
6023686
1949768
497830
705306
1422921
3826680
4811183
5143706
5537248
2594733
2174728
692843
196076
145082
375866
287261
199185
2482353
2622110
3087825
2304158
3910165
1400942
477993
1043490
297697
1533270
241585
1384809
116390
2098109
1204057
1901063
2801241
3667533
4792437
5320552
827392
95387
1275301
2302826
52131
34379
832225
581449
57614
729926
867745
579170
2029595
294395
260468
1014434
1755659
4673251
1392392
428627
532720
129591
3363492
3500714
2872299
502165
1202383
1483895
1740325
1925426
741060
1107069
1237937
2017416
1571511
2214546
3096726
1224390
2120377
358143
2414570
2106411
49709
962466
133941
1100451
159119
1319282
1747995
1993691
1597339
2021672
2844004
1524341
391387
1338874
1676926
2075030
3270859
113615
1672732
335160
5026167
3292317
324379
681345
597266
84399
2126190
2256743
109412
448801
794317
845470
3423202
2523878
180910
463589
906939
797376
68297
1874814
2023439
795833
259499
1245371
638742
237390
4494232
4489000
466547
17592
114647
536775
654884
299364
1194998
1062523
486256
7267
129459
27758
394410
555953
4060328
4425982
3904291
404257
1038940
1547841
1615255
2122312
995555
325349
980064
2536578
3564896
5641700
6289642
6580707
7311885
6160043
3902726
1362694
1093185
351967
113073
67624
344808
2622266
69468
16786
689713
568861
1100122
1859589
3535062
1746775
3700264
3075746
2689886
2924054
401677
1311695
3821751
3778222
2495104
3012490
89991
324699
405868
2104402
2969077
4507348
3118028
1545213
1093390
893881
167348
130721
305817
637134
986523
4778957
1915578
332848
900665
266112
957895
2777842
320678
2202845
3041649
2004137
2461375
2989136
1307016
808195
2122640
3595593
3948812
118014
1637084
177279
3584255
1306213
694742
308966
21144
489786
483526
691220
1105806
1106614
1569838
5660
120665
425553
298391
1897316
1257510
1069626
2323499
3037503
6424184
5305817
3462531
2468588
1587451
3774895
5039634
5802476
6174137
9758702
10283204
12418748
12960451
11014367
5688976
326792
1582338
243520
971350
1368510
2918396
1830342
846596
350194
573860
720906
268535
473080
702327
3018781
1849257
86986
1608634
644074
1134509
2363348
977968
2488516
2505267
449124
77142
427981
413781
2490908
1113200
449924
10017
728339
1038486
1122726
1405789
762357
72782
751048
586872
861346
686671
147455
2551415
2974563
728818
573306
273384
572580
936326
841593
191039
33917
931523
2586153
2586903
6092466
4815264
2249799
1232398
213506
706564
1161127
200752
919226
2482034
1181784
1114975
2605486
3575384
4131822
4409075
1244240
2309921
472196
2697148
2342111
1187918
458157
911806
505804
1246930
712657
1737099
2389881
1250536
1142572
3140780
2418442
2370174
1805037
652099
2817705
610939
25223
89223
1933822
2268634
2794462
726007
485765
3506151
8037182
6884532
4787829
534010
3609274
1920586
612379
2735237
4077277
5322005
5576019
6346443
5905710
3256977
2997044
2647764
1219389
615186
583550
406520
562899
953116
159280
627936
2194771
459131
1637044
3409890
3741850
2116501
1724345
671469
483015
5080740
6652425
8559609
6554621
4682931
4398577
3915727
3008934
2178147
1426600
112176
1383680
2977816
596625
913894
165468
702330
3945907
3343634
2811726
1800192
434947
70366
1631395
3454903
1372218
4570901
1773788
1389918
776474
263852
254651
1769376
1770225
2983279
714917
779660
1726933
6746092
7518252
6160925
944559
1698690
1197599
2337276
5833698
6268984
6513954
228591
556947
725631
433528
298925
222867
367380
134453
628619
40184
1027798
2589232
2256578
288867
242067
284358
285062
2948
304237
1259253
3126094
371662
1209041
1095285
536915
1886217
1926886
2602874
478601
1131
517714
557732
938266
323083
17913
300006
1193147
276603
737351
1194662
616148
413922
911802
710721
1067695
637450
246424
421530
1341066
1510199
2797576
1650859
1146768
762035
287254
1010243
619700
674757
662631
223351
1277162
999713
2198003
3035728
3103993
1292978
147018
37011
526262
3695934
3035403
1259411
621036
24046
2018059
609212
928262
1080696
1380716
1830534
315258
1362747
1175223
139329
38573
386828
283708
486240
753566
175422
601145
213828
1999828
2038399
1055262
592429
1981617
775447
451073
3044495
3304264
1154355
21947
589915
947140
1102710
907476
1653185
2170892
2711517
3755156
2591281
1093187
794633
436922
161054
1150160
2099078
3891622
2246162
375364
374492
1138200
1781643
1032672
2289985
2029354
1748552
907929
286125
119743
287785
771077
831678
1511328
1528919
1577975
989584
2076333
719590
1165972
3245683
4436623
1113998
1138861
1194698
876296
558376
469776
2600482
2346628
1323965
460092
365685
779955
628052
401951
64021
100379
510772
542878
1147884
1534647
1261265
1780831
601792
1431282
530779
296884
1269744
1739675
3536853
1117721
451483
1490830
1327059
36956
810289
2994897
3456929
2909894
2297574
347776
537399
541597
19207
966510
133330
818198
2170359
3070793
311633
1517135
1202117
810133
244323
2375363
3841501
791866
126977
646972
1142962
1673353
2576115
2120052
823908
582903
354783
1111393
662302
3184195
3234547
1013633
295812
876294
1528272
2422966
659565
827859
249653
227156
273538
408777
661337
806419
712331
475266
827400
1685617
1981968
1299593
639421
282739
87207
580323
1365274
363472
859454
21088
1321854
974927
1113227
4604662
1886219
2167758
1053908
562153
3360711
74845
777511
182070
175576
50673
1099573
15975
1608638
1397068
937777
1108103
68912
2700862
4051776
1154029
1655282
3420133
2823349
1952538
1846422
1615744
3192104
3882002
1130307
289998
1191448
394978
1616236
37190
761234
577440
2112472
2563206
2112468
1245413
152180
662459
129205
1405137
888078
1643015
3196302
4410043
6953232
660527
484768
438466
686997
2659389
3151434
1543927
850312
1237529
3460037
4162742
4755113
2416731
337444
4307564
2751210
1927435
408480
439603
494472
721955
71813
634712
1162586
1745544
537721
1259922
847890
440071
266084
2100204
198336
86985
801790
2687920
725242
2122955
256759
916322
390220
2642766
5314569
3419808
2047107
77265
268304
3793893
3956954
2258
559993
1988693
901790
367053
221094
24854
740252
441230
2055108
1851285
1211250
500277
312897
963432
1544410
1418532
701359
5006147
5081219
540628
1383192
2699574
3844728
2782035
1272455
1790677
1580396
1542765
1311700
1695421
2540607
895489
349386
181554
153311
737025
4676649
4076950
4076092
3244350
2994105
875126
301979
1607834
503343
1084641
1375931
5034097
4509129
1741618
2251513
744932
83478
26787
1251022
162346
4901925
4888853
202371
112479
100310
113937
617925
527229
1401545
459965
434700
245297
1302827
1505779
1450047
1448552
1096461
995597
598725
752517
1327518
2006929
2213816
3768495
2149102
1223745
2182992
2826254
817878
2726036
2589992
2589128
1001686
136369
416271
445731
4073632
4731515
4258828
2463953
2227048
549984
135882
192204
260251
1893634
857415
950927
247234
839016
1451729
1095312
263359
380859
241427
108380
237393
102922
210683
1574685
726372
669247
4194
51129
579519
1147089
917768
3548
95703
432341
456710
1647209
1158228
624705
857093
5099133
5033451
1111424
496900
167836
1016689
1619448
1487685
1751785
25175
663599
1843287
2766060
3927840
4046294
5469185
2916746
1799270
44515
1808936
901469
574353
99131
3442010
7304075
4581750
4149692
3312611
438792
359807
2289828
2676814
911314
1632187
714271
2637599
2102430
566925
4272222
3857634
251268
671347
56646
650685
604047
258047
1553606
1209715
240711
413298
118093
1523918
3695982
2839871
2225113
809966
1989338
3146034
2555458
478171
2453304
2656159
2750083
1531016
1575072
6456829
413136
1340915
1762470
3484541
614721
699261
850310
1123856
353936
306462
249977
1953187
1823558
1313958
370861
547563
546760
30825
40756
956820
4844
544987
166704
306460
915995
843372
1080760
2779940
2892744
2930344
2692408
1054059
45025
576665
1776912
683121
319755
788988
830299
985711
156377
3563440
176715
980706
368914
1702565
1767644
508023
291616
4233250
3722237
2725551
2629208
2375037
263686
934065
777157
2495010
833169
590209
509040
231104
561048
1408618
265631
796379
93383
734753
884369
710878
1424184
374890
1655280
2288858
2228179
2188799
1904129
2255951
305814
106895
1926400
2185895
453318
427820
2972142
2422801
143139
1467272
2711544
328118
961467
2014638
1277266
613755
3640419
3753371
4139078
5296827
5672836
4114554
1203090
110177
3170480
4089217
982483
273701
244493
494147
877746
1670932
1660484
226255
657465
1801992
1127244
619376
88229
1095265
475570
1792773
562894
1761789
2332108
217866
4023915
1713534
46797
1718543
2506634
169009
73910
746178
3577120
2326727
1873302
1660266
4671962
4174589
1393357
2281432
1595728
867662
41662
9683
77462
1611690
19044
322923
1413029
586454
1251491
2777691
1612833
378111
129266
440565
1359334
1163126
3096330
1401246
830694
1185337
217403
1340041
1934650
2067790
1636531
1497811
1386580
1511641
2466538
3675771
4432150
2108917
310979
474617
3435303
2378424
1921395
1777765
582904
1239240
1667868
2695963
4115684
2317102
33764
383774
1731611
1458715
391346
68746
897436
3041179
1131758
428642
1884269
2551773
605115
992812
742671
2584993
2840295
2993446
3257618
4362274
6636283
4414075
3888387
58096
578157
59388
1673675
7100
83755
356813
2742515
3559522
5752080
5298878
3719493
320663
923581
1811656
2239636
1461297
693130
775311
121605
4276013
2050737
1351315
221089
595655
118936
1013791
668111
900989
1007014
1902836
1671141
732907
3326778
3327517
82304
1367376
2065829
1112710
997328
736475
25980
539818
1781156
927454
2109240
521261
365588
2165401
1658036
1549524
1923654
2509647
4517359
4872234
5322484
3187746
1567486
165093
1681576
677959
1458454
1463987
5980919
507434
506667
667793
386502
1588788
1133532
265202
345846
970
3444152
614660
1656558
2177506
2802749
3159020
2920823
2886024
3232897
121031
180265
1289912
2886187
2348075
397477
503350
1357212
3909437
1506485
1135527
365527
597917
1824407
1951991
104411
2442489
1424664
1401342
1998695
1997799
1767874
33406
963032
399198
259336
291122
1927415
2259774
5079611
3414483
3264564
2928034
652460
10975
787506
1512132
1502934
881135
36190
2175567
253369
881782
1080603
1188403
380049
1947864
545991
2211435
2413119
554019
112357
420235
1068356
392154
160959
722985
1378189
1739192
1043807
1069953
1259091
1896380
43897
2066786
1032985
26306
276606
816124
1271738
249011
270298
1173071
1212612
966
214313
1119112
1167848
507705
1322026
2509144
2919535
1181411
561602
260952
3684383
5589410
10720176
10480034
9708880
9220459
6249930
5776927
5683163
3042980
2975774
780759
1509250
2010475
3156142
3279410
339888
160968
1079202
1029446
995491
841599
361221
2666942
5607321
3564729
1103009
523680
1033967
1302339
231740
1880059
3027658
2820928
2303610
1973250
1429302
4212307
6195024
7665082
4218481
2328394
671988
1269257
955352
309205
1684002
647134
783663
568380
568869
630514
854077
3066225
5437064
5722202
5723036
6165698
6739080
7629736
5027477
3008610
2765457
2127676
95055
114538
391835
596786
109416
1340104
1671258
1750078
395219
245617
630515
404256
916639
250753
11460
2843684
1030089
248931
780430
1160648
1943827
194947
716851
88435
105793
1873700
1396101
782229
723305
544874
1268289
2915479
404417
105381
124589
151377
707007
1550381
858550
1358179
1034491
762844
551114
438631
511899
650293
1443255
809455
969969
1987883
2963107
575165
103769
1826754
695390
5387039
6387757
4009171
2194452
874520
979417
475912
105703
1320974
503034
127972
588717
4093419
3404639
2503492
3700129
3277636
3110123
834337
1040277
2747982
4433270
4437480
5357347
5823679
4823337
4772754
4104227
3335571
207450
517869
971837
215927
599043
474347
398933
724757
1213948
682959
1585886
3468873
364556
488452
1521146
1228588
171872
1378351
2003858
1934260
473649
268856
1026704
1782326
1715473
328153
154442
2260616
714846
576128
89730
1177797
3905611
4700567
5365203
4963468
3919104
662841
515446
689741
463969
75362
2171693
988293
3044647
4680515
3668497
3410653
1280477
695386
441375
952789
577660
363685
232661
2200509
1193085
515603
343637
2357651
4066622
3901949
1316996
2789619
615343
2421671
3274823
1726584
203825
1183562
1237464
60034
80010
3127275
2779130
2685852
484559
105381
292099
743640
836411
965431
399147
536124
735673
462621
4681969
4217511
1178238
3366880
3710461
2109081
1886371
1255624
606144
53428
253229
1848290
3105314
2628723
1110457
1763242
572415
632611
1617191
2100513
2187673
1694494
17912
230611
2057132
9459
177033
240639
1400456
886785
820237
1905681
1294300
493178
1089866
969410
537351
170828
642779
1871397
1718571
701138
1779352
847732
1543081
152828
463646
1086251
2406182
3493241
5321358
2905
723949
1041603
548792
241795
647136
1422568
454513
409907
3566183
4923232
4026121
3211631
999916
1928494
1566346
100076
41152
1065921
783661
53577
675862
966991
2691665
1143380
1007334
1867816
226737
2162498
4056457
6016259
3281831
1745168
1070791
113693
911446
3089881
38087
305592
131040
917681
1428214
518515
561605
506089
1028878
826108
1433703
4644850
198980
249587
236907
1347658
2359861
133308
962793
163155
337590
41147
321469
718950
361168
2003373
2597255
531193
1663258
1934697
1698688
1429183
804970
77301
469838
659561
978774
788183
165214
601886
2566432
136042
6283831
4439575
376013
793347
2287244
552728
842891
698619
4278838
5117692
4248875
2562878
264981
182841
837241
949029
79099
121678
1588789
764268
66489
115389
224930
168588
2281754
3802066
3740475
150730
189266
1577654
804660
683607
493005
1215210
2979082
4055952
130880
836617
539172
3032660
654354
1028154
748979
468647
123941
8261
297100
5173855
7652494
5346694
4312728
4129171
2656967
705431
669246
37764
743317
1689815
1116475
580002
388047
45257
796236
1488413
1806976
1171783
892185
2490003
1842976
9845
694740
1040227
192716
1484247
3627886
3394958
301043
2138772
299362
1628326
1256346
35342
946983
3787438
1753466
1073338
3994674
5898289
4925491
393608
922126
607272
85658
1528758
873191
601020
54060
1636235
636324
648265
1497
1425635
358398
1566195
2187566
3742733
708743
436212
629219
2370517
755100
466849
1465977
2587731
2634692
3992952
4053064
4124855
4523653
1363503
79959
6250700
6005770
3337990
2757325
864270
1752431
7151895
5409467
4182331
3410450
854508
1431526
587585
1180497
371980
1562810
607923
1731124
2533024
2912111
2837755
1948419
58418
523842
77948
86155
201136
1626713
181714
272411
639344
165414
834983
526261
815982
740896
149435
994587
3075101
2177753
2466863
413615
2828
1360243
2399546
2177322
1533256
746367
1844273
372465
151376
508326
1384160
493980
3
56928
87789
412511
2058441
822665
338255
325665
1072049
1071202
887268
888078
94081
602729
1371894
732828
2660515
3132229
1793262
1749610
192368
2264164
1950121
1910261
777081
81013
349871
455138
338417
9036
406234
137517
446034
507382
1699174
213184
1689661
1690419
4103415
98436
496700
5567138
3863767
3548110
37458
1400430
879685
1636720
653764
760826
699050
1053005
1632999
1014931
1730494
463829
887270
1236819
718949
2053404
2759190
663337
49544
480912
1503095
1536017
1469369
1086251
1793907
76655
321311
801898
237593
410228
104041
2083740
151562
555910
814812
1917199
2040811
497535
304672
173808
31633
753003
4583040
3921418
3900942
936630
460419
410814
437590
652785
1856875
1854747
172294
1185663
841116
759615
3591199
2125857
1797030
1789122
450274
2090357
66275
1018319
618570
1551188
688485
413781
1199219
786569
702651
2245603
3053318
2675205
1039614
1897014
354556
4379699
5330068
6601748
4233628
2399165
336243
480489
912194
912998
1062290
540096
210282
1187762
1379802
122454
1566887
49380
1462106
1003137
3086828
1284137
2465245
1399974
2219789
925784
519968
3339003
3183776
719018
570964
133140
603398
668968
1136073
419428
199912
910758
4197662
7165871
7128975
5268261
4593206
4592435
1243051
1026703
456071
1078505
2011010
1518748
201706
1072117
1086413
1881047
854702
3151544
1095450
5002
1273933
324935
2586603
2698444
2605651
685601
2384556
759942
1087543
1224070
318781
1739194
1469280
941565
3322502
2774725
457995
900662
728309
801976
307749
427977
934232
447508
176913
24854
57614
591944
137173
2669566
1606057
1289269
1707841
1961516
585953
1458930
2577082
220448
367947
593555
920030
343888
100698
264500
1416435
605499
3159772
687800
993780
1611543
533826
1087381
2666204
1317549
416254
1297013
3124001
1698690
847083
709105
486407
312110
819798
603021
161220
95696
646328
608757
1681879
4989558
4499290
2873055
376324
4478305
313344
84162
2559486
2227857
2101025
2305318
2474283
4389061
4655985
4933560
10122100
2303363
2149731
1246880
1736000
151697
144937
9798
543368
199528
188395
1776550
939396
786407
379819
1508585
719833
657403
516417
102153
1374432
835950
1275384
2747504
2616787
1987725
505121
256434
241909
571278
1706920
359395
233682
64392
1313346
1395614
3137470
3971012
2789620
27568
977642
341285
848483
718951
1337306
621483
464129
2462338
2541910
295491
572890
419589
494309
1125362
799373
801575
345692
1257960
914222
2073250
2137637
1753758
1195180
2350792
2447977
4613379
6165535
4136018
2063087
3356801
194298
1209062
721860
3729175
4383402
1649941
909366
496023
167995
918735
1778412
295972
1376860
140036
758225
42930
867565
1195341
18237
882808
2659708
3678668
413457
9200
937458
2209
745253
963281
1082456
1113040
30662
4000779
6309004
659885
1089800
53579
196920
684576
3214534
3249148
3136590
223296
982804
2404086
2001895
262869
2031819
2423290
975344
1205026
1626228
1627089
3175801
3231125
50870
1199217
1336070
3461772
1240049
835304
725082
1062367
1733873
1074634
500926
580161
119583
767524
5607430
2418767
2673587
1374312
124426
1647531
1087864
948111
338254
979944
423340
54747
1198249
456384
914706
67944
1059460
1094317
434759
1273613
1372379
1802460
4125525
1297506
1225265
662950
3206467
2384075
2030813
1093354
37049
3389368
4188787
5504037
2520602
2004348
425400
947013
1803909
724438
927027
5280203
5993020
7687573
6553494
6089203
1932206
1863253
1629137
2390791
2729425
3626373
2475208
1425032
1340701
672379
340512
1061080
1013471
607277
365692
932887
175425
2153456
6015449
5522760
12104
538040
4143927
1510198
914545
560638
220977
327358
637615
1307343
1162584
894530
956244
1341710
290161
2018547
1971585
629868
2019193
1246505
763740
90684
200743
833862
486832
79560
123721
180007
1217129
857575
432660
2382781
4001102
685222
974256
1061237
1491959
480246
552105
1463904
434788
1170300
1739287
1401751
1704013
4140691
2727489
1273614
542834
943268
1851389
318030
37437
1635912
1875239
1937410
1667544
151859
786081
92369
551280
659073
973971
1115941
3950750
831915
326959
363913
2202845
962959
97955
211925
1098675
762359
1047677
5166
2198324
274187
221544
992489
2253996
3969224
5101279
6404540
3223089
1763726
517064
1880686
39860
207347
961444
2750541
2946348
5274208
1546511
1379423
3463062
1236011
69406
1000884
9523
1042840
1108199
205378
1195829
5559716
6711493
423463
282106
334054
896302
957673
2061957
2153461
571447
1863939
783503
917607
2444103
1826826
40021
1742906
2426673
2459313
3044322
3365747
4272058
1568133
129591
1741456
1044961
721208
1812303
578066
320177
1965291
3022495
136887
1391257
697808
1009595
831268
1765987
331799
2859498
1254248
411070
546111
565641
1180437
1820531
4320644
3451117
2001274
4070495
816945
287580
645518
173966
8209418
6603364
5522883
5436335
5039101
4708270
4472009
3217761
1044047
744125
1405303
39698
1729838
2428934
386292
1593471
1623794
682958
4451678
1585400
86498
1519346
2812377
7641849
10741800
11170402
7631356
3275682
2743950
2516081
437338
302299
842244
89730
936812
555185
3751933
2020320
1480666
29694
573869
1627195
4308007
3726113
3613791
3192236
804483
289839
240135
2999896
2736439
2075673
67616
2131996
1750587
2364965
3589423
2880008
361022
602705
2230759
2979105
1732422
1095610
1483410
402319
599437
2388425
2760568
2516565
1926238
445894
110489
237122
62938
74812
3876
258467
2430228
2672399
3600716
5776448
3053472
2680343
315568
923904
652739
626171
1748075
205279
79240
989773
1014432
131682
316524
604838
901092
982807
192203
196317
304606
396672
102021
1215354
931049
133991
329041
767688
674889
1227942
3083330
3114799
3897496
4797985
5266160
5275813
2209148
2088425
1784532
1455814
629479
4243497
4389386
6592549
219928
219071
325173
1034448
802545
897275
192045
920350
2111179
4506064
3468065
3402069
552867
393288
121842
1541508
6371945
2808984
4909028
1269739
608886
883555
594688
1223908
84777
1218904
1512135
2679235
908087
111030
2473314
742835
796611
7219193
5366546
3573285
2052922
1200333
951915
3344283
3449019
1982879
1280066
530306
167030
98282
1217421
826714
9957
464780
574361
2118275
4051454
3930860
2851268
118454
948428
791181
803014
678927
928423
485106
1061558
2565784
2978625
4340645
4001430
53421
396188
139473
91342
172356
1503583
319785
79880
771614
152909
467169
914381
2432644
3097856
934514
933797
937458
1223102
1493058
2929859
1671416
3694
540628
159927
3033467
2487723
1529998
3253750
5004083
3007003
1163550
1437372
2123766
3498723
3429496
2077937
410393
1330265
189297
1684651
343255
449120
385698
2885807
1654796
1757430
2100960
1780779
346592
1394162
965836
389089
448958
329518
1093655
1777353
1538645
1449757
803113
448801
457354
239488
1362857
1361933
616312
1441450
1817732
1150902
3013130
4197500
7090565
10086595
9158984
2979250
1923652
3292317
3312408
2775101
2001525
1447316
58416
572557
671016
250462
625832
1129179
245944
1131106
838526
1203
345723
273543
403936
391146
186717
310657
489541
234323
66468
98154
1203412
219316
1373991
107746
2449109
2647605
1824404
1670126
827235
96021
19249
1768563
861460
1186467
6705675
1999829
240135
160571
3808089
1010565
819652
1167415
1468616
704848
10913
1174526
2653947
4245953
4272758
3890077
1971369
868490
420854
231098
873069
956503
560479
110986
1399005
3272795
3828104
1880994
719245
4474755
433521
132009
853864
502088
1130
515287
1548603
315659
918739
675216
220931
128298
129163
4455059
1221083
489308
731215
905818
1972069
402970
251470
538529
304525
949783
466548
1703209
136113
434990
965447
2088600
521091
230714
4513
502053
2645183
2761910
3226427
4889209
6402439
6406475
7902147
3836497
2100849
38086
228998
687380
822393
33887
629058
665535
423303
65687
709432
233036
1155161
592917
2581925
2644218
369080
309915
1048006
356487
574033
366334
1680938
4516389
2668424
1713053
194785
40849
1330581
1955387
1633053
413353
741131
1372803
3252135
4038058
2707651
23237
257077
3844187
174450
1424988
708942
1145156
83756
388764
1658828
1524630
1205028
193333
1688198
3418086
1872497
1326062
78687
47146
564693
147659
2204949
2093910
457193
658430
1638497
312589
3203074
318888
326150
579516
1047197
341014
878252
997407
655926
2886287
1973359
1569627
481394
1177267
1499561
162504
692006
930865
38248
3403629
206889
1833440
543526
515774
410390
1906227
1875013
270639
1572167
1778412
1558418
2367448
876981
1516207
1835055
1065107
465694
847756
2762994
2995867
3552489
2053106
3175642
3052922
763009
1921233
1898480
938479
4203476
230127
14204
1806334
854352
693292
692480
2390043
4658081
5541154
1788900
3873452
6666461
8129864
8844936
6981185
6264533
3757902
3390762
2602743
2833354
3424329
3678986
625187
260735
609536
613892
2509626
3189698
953595
2016772
3858606
3310530
3092531
213184
933185
1338438
768011
201567
2272237
1693364
1060107
611792
597108
318241
130395
1817465
1913323
2725875
2017416
1258282
891466
1246180
653590
368109
667310
157347
724597
1507939
867581
509640
1359125
2017335
3034731
2755427
473261
1675543
2740656
2890677
3600599
4279323
1698851
263211
70846
2171372
612763
3752418
5322000
4290621
1505035
776035
260318
261168
81592
22593
1350164
73588
1199540
153634
747676
2170082
1096741
3338311
3859896
527065
936821
2040008
684641
685459
372626
53673
533549
1318096
582191
1054390
5072475
4847545
4742489
2193806
625186
724919
843048
1860069
247720
900504
1758886
2123700
925999
429431
1270063
5524855
65034
885065
2020768
3423687
2878865
1892284
1534477
294681
70948
1192115
1462426
1869668
1832473
196077
1082049
1727248
2261674
968606
52932
364881
968510
1058092
764620
532325
407953
35505
687966
930010
5110753
4750246
2035082
2259077
994873
1040097
3181615
4264151
5428514
1535693
2116579
3170323
3771295
1782932
589200
1022184
1427155
1101580
988829
1829410
2442971
24044
2897421
3278820
3409126
372754
1606864
1560062
1562642
1523752
407154
13840
2019356
20337
867578
2161849
2360027
3896513
1982218
451380
70201
1021216
7943138
8172623
9258067
10748091
11117976
12045590
10267986
9710501
7339738
5091999
4687777
536676
783986
544333
1058015
3091239
3310232
900048
2534801
2451047
553856
777554
1082080
1146932
258210
2291656
1020247
293874
364720
115524
4308696
4914944
3991583
527089
2340017
405698
2678684
1466577
793438
651182
328571
432013
2773504
407002
294357
315611
237872
543047
408128
1567972
1358983
1215974
1456618
3829878
4734737
143203
1510683
786569
408290
2274978
1685996
629219
640840
817875
327910
3264885
4196599
3437402
1000720
190107
66570
1128209
1047931
354713
951982
1080143
1285558
644878
413300
214254
710369
401680
1886442
1485682
3814872
2571281
2652910
7685145
2216603
760469
578323
101466
102232
823157
1291368
634710
211406
193817
115559
2993768
2604358
3580224
433468
708783
8547
336479
644715
538848
640195
1322028
1264254
1252796
1795459
151874
708089
2740675
3688149
1781858
1155644
366251
360683
1180335
1485829
238357
1151936
1353645
806904
102318
186069
261114
366487
2343753
888236
236745
1234883
2126026
393121
4591917
5727371
4077417
3397362
3353142
3295853
2294970
1026385
1729353
116228
537114
720403
1666121
1158705
344058
1869837
1776822
364174
185169
378600
2293539
2366813
2905392
254658
458453
712656
1282122
1343167
2319360
1576042
161878
1483085
3294094
3969151
2291276
1874875
163406
1736776
7945723
6742149
5515701
5130280
4871564
4757975
3593456
289840
1008464
1348330
4367922
751547
1667383
2461052
3436920
1970131
1241336
1915263
1819081
1334615
1143862
4435869
7124944
5212378
2854599
900
5253093
7422206
7523391
7702038
4521396
4438605
379245
254820
234807
1107308
931648
1336872
2160725
4051617
1186278
905342
503183
1471161
1260702
2099559
465099
331476
332368
407812
2915013
1848278
1323320
87145
405050
1234090
1802050
881333
219965
1313473
2621137
3623956
5578582
6915308
7054098
4725864
4468300
1264416
334075
1301804
410391
417329
43248
845150
2073416
2478965
505766
4158609
4818490
4680195
3554887
1294757
1007824
532394
1828925
199308
2249150
2059707
179866
1620905
1787126
616474
392963
627979
140400
685867
151052
109739
688932
3821746
2259823
1430574
289456
73006
1115363
1873405
473435
757816
1886535
771883
867420
1219552
5506
1766649
112824
1518751
4062913
1291334
1564771
1376869
1517430
2277693
179615
468162
2788287
363752
191562
1318922
1204382
420719
208987
526418
3444017
3178870
2585061
128027
657629
411192
637776
1042519
3900241
3062270
2706471
262402
2479934
3230
962956
2557583
3309102
6291410
5739976
5085046
1928494
298230
354418
264824
940286
3468707
3297971
2704251
475265
1962869
3811160
1930268
1162261
952628
777047
336317
182197
224939
33568
653386
400549
899050
123782
267086
40827
944880
1932408
105223
344187
164767
490112
388234
391581
3531967
2128282
1529563
1181341
1415066
3014425
319048
834434
107804
2505186
2837159
3892495
3942819
2200583
1721514
2096492
3851342
2111826
271762
293228
967638
274345
208665
889208
1344137
45992
1120244
746385
918738
1053975
1648340
1713858
708298
2679883
542562
216413
279028
76170
244817
12586
191075
436202
970703
110706
213184
94730
92794
650848
769139
912479
379598
52450
551599
43573
1118689
1326224
1465818
1386257
167994
1040741
29693
282823
96025
1150479
73106
479945
20334
296132
604856
357293
823525
378758
689646
1324449
3851180
3820355
60355
109577
58740
290323
1236035
1853777
94085
46158
401678
441215
429757
1664316
1519716
760100
177410
1262601
807063
225798
1213579
1214439
4158447
4712307
5020381
6124542
5820021
5744656
2780422
476879
1091994
1146571
1147277
1019119
3444823
1348239
1168903
1256593
860719
293923
1209685
5184343
931487
1326116
651723
399163
23238
298874
565476
749128
2162228
257365
264667
624339
442020
238681
1250745
616636
182511
997737
1478277
1072857
469133
1280228
5041358
7375453
7460772
7591976
8188115
6003528
2847843
713139
660852
1327999
697904
773013
474614
1033001
1148223
291938
1370763
1370005
255142
55036
1134344
1306328
688964
955049
343899
516255
1917843
1030043
42722
2211102
2611181
3575750
447669
836116
958711
1977555
3647843
6337244
6590131
1800036
870163
2469282
3104797
4731965
152340
1205330
1227559
3458384
230290
3874
2102948
315336
554182
1469873
2107146
2696185
2697046
3254073
101831
368876
818521
473170
2573503
3092379
2385363
2301446
370453
717981
1295562
269828
2048738
1591373
961504
690548
90440
948592
1474856
883400
200861
963442
1659636
3588712
3589491
2895163
1422082
1735286
1774538
678748
1178139
1647697
283384
2456049
560059
1412952
3664624
3840981
3917640
3359352
1328071
523917
630998
727017
2295271
2339858
429600
1456923
1444639
1327998
494792
1016220
1122401
1845546
2844651
3461446
462027
1141926
1254252
409264
2387934
1996470
1790032
1517298
2744
7747
13233
727177
585649
2162497
2834969
1258237
392639
95055
1016535
7691652
7694017
6466509
5680748
4739256
3837946
3160634
3050574
584198
1269185
1735967
2220433
148896
2198162
2522052
813841
1261995
3082524
1959743
989747
1727898
1259737
205256
2549828
2043720
1160162
1142573
694588
732650
761364
773494
2247793
873996
1229235
3657205
5314739
438729
1337519
220767
3325568
3324645
2873056
2405535
29672
1245210
329800
673924
518728
396835
89564
111589
890173
1541871
791408
1366306
1246385
1010879
332651
1926560
13879
565639
990390
663436
784954
387149
1110136
1847483
1248867
1130308
1357208
465422
464531
564774
1237522
2421190
1906547
348484
1143550
481074
173232
1454359
1060429
376015
417567
761391
820133
604356
1664608
964573
783981
910023
470908
1487610
1456134
1193256
2557555
2657449
3709490
3282557
2489737
391670
2183637
465098
3171433
2499620
1128175
308686
467195
1100613
4587112
2715868
1424825
749775
1700900
3881199
2543839
55675
370528
1550866
3517748
3152550
2829083
1699522
474928
296618
806309
559665
132010
872478
1320412
2393110
289357
1080604
536671
239569
722661
107443
452907
1034931
288868
201847
4287963
4653323
5246798
3275213
2900488
200734
160835
1237790
1365586
284193
382797
1145685
2420760
539335
705233
501084
1644947
562413
2594514
5617074
5293921
397158
1361566
504637
1285714
944311
289564
781403
461388
145825
2578698
1264738
1197830
1373670
2626601
313915
248687
688815
495965
641359
646165
27756
22847
383724
811465
214472
370529
905183
2391818
3037441
2732013
160579
433142
178808
475697
1313958
1312989
703168
786085
887591
683749
1921859
862094
1913818
145401
48410
387959
80368
73767
1586157
507606
734605
1129664
394817
36792
1700464
3212921
2380923
580808
158474
2665356
2194452
798686
2114889
2134737
155248
745092
660367
1074953
1390775
659722
50729
201885
1883309
657947
1475711
382953
1227296
1256486
1476630
526747
378834
71243
348257
779955
1036868
515446
229163
2445232
279671
244491
3241487
3002627
2791397
2172824
1474048
1033478
1938289
2885643
2706671
807389
154320
2588479
2698279
2407311
695386
1026843
903890
956538
29209
500249
1460976
620509
2817217
1390453
1150640
1098638
638422
159696
1727254
345839
38207
714588
102319
1425244
982649
1022751
324473
90577
1151932
2106014
2156224
3718462
4252211
4364050
4051612
229627
1711441
1549090
2848426
4130532
1674480
1916394
2020097
3121334
145567
133941
1265707
3301520
3300683
317115
674730
1019602
280067
592608
768028
3400627
3513274
3980467
2960201
816706
363752
936960
3689540
3902178
3434076
3332826
769658
202045
657142
404256
1086092
3467742
3841177
3143848
3141912
2765896
1944469
1109005
724226
92485
1091412
1746783
1141603
196560
930359
2705056
449446
447989
100703
336317
472197
1590723
217053
876296
94145
209084
189301
1063818
693126
450248
346040
1719834
2750407
1402556
1758242
3053804
4640490
4034393
3644452
3153856
2328354
2065184
1129006
1926396
674571
2147321
1028638
29691
1766467
1528220
45348
2319035
41797
2388431
1833603
1302476
330185
437181
2913571
659883
1590890
1999662
200435
201255
1098196
1273778
900421
982965
2103430
2203383
530299
439920
28565
1230975
1564261
1773847
430401
458802
431981
5314463
4441907
1291424
316719
3750478
2400569
306461
2501235
2254968
315985
1569710
1558610
233999
322276
559668
1849501
1387014
849363
587927
1190339
576128
1332192
1078180
2403403
1180818
1847806
3805996
3743700
2636311
1883149
325832
468646
612921
1878820
1877956
1326870
1524773
753248
735655
1105046
4031197
4224532
2131749
1061992
530408
2744117
2313116
78754
387636
570157
517385
556920
344218
363595
2180733
229080
442504
1169199
328812
1984818
829980
80852
102657
906475
1774165
172516
3371726
1833121
1211922
134430
207372
1045410
584038
3021847
667181
219801
113611
1709149
1924409
2237215
2262877
3388341
4711177
242391
453155
803836
2440393
1895251
1105672
694720
513834
2856592
3824930
1421926
2667909
3853764
4533175
5095100
1563612
1600894
1715622
94221
797892
258566
550471
1405183
2494459
967974
698632
1313312
393391
1454036
1504223
234649
1517912
70685
1205028
1020404
935873
1565713
3863768
3864617
5348643
5582320
3884588
3371885
1223266
1194054
1127999
1551029
1316540
1634620
3098179
3965116
3525336
139594
2019451
435025
435838
1424991
102472
30818
5009571
5207419
2540286
218991
167685
470587
477527
135238
559418
443312
49221
591459
170154
4144896
927774
86662
1937217
173645
540464
1224005
719059
892597
1130147
230486
859390
2126791
964397
1052359
1867978
2077954
285419
354570
1072213
1109325
1717896
292589
1463237
1660453
1744588
968445
1469047
454609
435889
1309281
438308
127973
366495
1154675
2378264
4440370
3302483
1232780
1019275
37607
110869
224157
674062
229062
154442
1333650
680215
95376
426660
1259777
1684491
703297
409611
185107
324202
1163067
2511240
382794
35988
3205339
3845598
2478113
1584104
1045744
962312
1729580
5527598
2739590
1157902
970561
2273530
2932445
3714816
1200669
223030
692644
528844
502863
503619
2064376
1765658
1008305
806901
33778
107965
513211
653431
1745486
2692955
2577768
564885
866293
1571304
1858781
2000790
2944366
3407548
3001674
266280
260631
21319
2224790
2640666
4258021
5925639
5444325
2187510
887913
3603945
2177182
2065829
1850225
1046874
485433
483337
101990
1986594
3010611
2539944
1037189
2020320
981409
583875
906960
214957
630353
1456941
542454
277091
1723851
4912721
3703273
3159340
2915011
2241251
1249888
639392
1117533
2357442
80572
726317
821986
931052
1542473
1557160
1677161
147497
1618867
1025426
2731848
4090022
1056721
1734837
373432
8716
238360
3254237
3608790
3866835
378437
128462
580970
9527
2121022
3631380
535784
456548
827989
2498169
3002235
2467022
1550778
753811
331798
131685
35182
2028418
639961
665693
1113043
1727901
2955040
5038819
4990525
4978582
1026169
859834
815457
835301
635999
1079162
378099
1155967
1246987
1009798
446216
384082
317756
119743
356651
760586
2381494
96183
1244890
3472583
3597006
3278924
1271740
2372831
4529141
3848702
2590315
697489
145144
193818
156284
137065
3540847
5521788
5692530
5260837
1958368
3179033
2096654
1580721
672474
2096
1092384
1467268
279188
621334
556929
1331287
1332152
1630521
2031784
2717325
5059760
6816881
5360732
2178643
2107947
309688
2708605
764951
2182856
66653
1161775
3503407
1792129
752034
848859
27435
717174
1630588
1634418
1025571
788989
195137
2280948
113772
396349
1446290
3335145
3191944
427498
1099223
1027311
33404
1761628
3229871
4562067
4578614
5058470
8532720
6104695
2493612
193459
1544895
1677712
2347119
2132965
2071318
334219
7586
2345824
833371
1131597
85622
945204
2013141
535298
697648
584519
150693
636319
280667
774143
775059
951508
597590
757785
1693851
2060187
3184363
3113826
537251
342125
810131
1146282
440753
947141
1058654
433469
1041552
152389
1082542
1193897
4374865
5405762
6517994
6555755
2106499
583173
40152
73590
1076343
1167428
1433190
813519
2481065
4294330
475263
334382
134916
615601
2511366
5119148
2164535
1530132
1148382
2139901
1083988
655185
458161
1462591
2268524
2548518
1203789
144321
166868
976674
626904
1984115
1281681
829819
1719776
2583858
64711
222058
510253
239309
3388827
5014588
2506427
1127401
436858
158314
57611
2456051
2963431
2789134
1664041
4331288
5675587
5676408
3035401
1935754
725999
1421944
2020325
5391884
6923218
4979874
751638
303883
3571510
3464585
3434816
3031528
1426118
888059
2127957
1338740
64881
147670
879249
837942
1699333
1861039
3443053
4425536
4147959
108284
2586606
1108460
835802
1179560
1614833
1553914
16477
133466
302265
206891
147342
2169921
1036711
1859212
2389325
539652
538792
412792
904358
1011529
745138
1869603
408778
1427088
1590083
1856290
1467632
1256184
794300
1076620
754722
269023
2839163
4198696
3490980
338173
26790
329632
1554092
1129826
156213
1114657
1429026
2519642
1038433
707831
2307900
4257213
3379788
477564
351742
1028640
1106230
64875
294518
1383674
3201139
1867171
195200
117160
1089318
629873
1976747
1407396
487525
326370
914951
568256
1253766
1309442
4319023
4962341
5261969
4746032
3379140
2266909
2119729
221093
343417
3233098
4307077
3687379
3686500
1351883
107962
71996
391349
2006283
3216436
139848
2159590
1283455
225129
428139
230191
1509120
1105505
1228612
1065591
818681
10330
262780
882727
937297
252721
2019422
2995713
1327675
1271712
77926
2131173
1707889
683127
1160808
4377119
5308191
4483952
1949797
612116
1149670
354377
20661
951821
2816127
4923073
6972118
4965191
3546493
885170
401515
1854584
1387389
1594115
2797265
1970290
727990
1597830
1269057
74073
627989
1396998
1094325
657951
1311149
774717
774297
600501
764620
438769
516739
783039
291291
41637
1626416
398934
1780927
107642
389090
134110
1233272
1939469
2381328
3664305
3475169
157626
1692721
1927843
943749
249491
3000063
3182586
3001838
3465350
1495349
407966
2033234
2844331
478487
536750
1060267
1227299
1550542
2304997
715398
1539568
1192598
1613482
2675334
3077120
2291765
1705785
35345
189135
543290
2110049
4473625
4847902
6137129
5662513
4938399
4904832
4329026
2115048
503710
75850
8290755
5996566
3748508
944555
23718
88273
1552481
477202
147175
881140
1175236
16120
1304116
1604768
685316
1348804
1045582
1232082
256110
3010717
571774
1009856
191883
192709
412933
429757
989473
1710153
154442
2230062
190094
374401
3583936
2760215
1473885
352172
1124985
3686091
4404925
2633936
1376687
1262963
139307
2183153
1673835
2335654
1213517
2378103
4524781
3934715
2125375
515559
2181864
1906869
905527
3952525
3506645
1746257
2005589
2234540
3243052
3342995
1908166
1165491
1476382
700753
4056295
4849799
4661470
3815353
3207918
675380
973332
1378997
2155719
3313577
49223
1226129
4688908
4825436
6364178
5864313
5174319
4012865
3564388
3833494
2341467
2340623
334223
1082541
1643011
725886
89183
1001000
738801
1608003
173487
405227
707651
923905
1339943
1850548
2183477
2193484
2474005
33291
437750
4682
404903
1025087
484953
1451861
1400199
219892
1356080
2507367
2903538
2062278
726533
2698785
1319450
5870053
5603288
5600705
4505635
1151124
1512132
509677
364072
527394
179678
446542
948755
5161358
7292970
5304086
3917344
1809393
706937
335925
775268
259818
435890
1891862
108444
436211
753326
268053
882801
1128558
1168394
1965610
1198405
1427207
3019546
2879834
2877411
843051
18865
1566842
2698283
1464041
507378
106187
868387
673602
1579917
58747
442815
4680
652142
144918
1287175
1032832
893080
202046
2527861
171171
3529226
3308296
2404565
715887
1852163
157192
1003142
99574
671222
2642053
3813099
4078402
3633314
3183060
741216
409425
1223449
1222696
641161
244895
2637281
3872001
3720039
2291601
474617
103431
150243
40182
918096
2211065
6198568
5710123
2508174
605820
880395
138305
478173
1859182
2078258
3466782
1710301
3955590
3112701
947786
1484374
1901561
2867891
3248582
494305
1214383
267292
3224
408935
2319521
3324598
3573125
4589497
3714813
2912666
1930658
1020727
244328
158637
383277
1105888
2077771
3893302
3591887
3591035
217703
1149675
837943
6507052
4649242
1832829
1742054
285933
729889
1067041
1620595
1533360
97636
681025
335349
363916
4499841
2953152
5115751
3330066
3194477
3055978
2348723
1985464
33892
74885
114583
46315
165255
282624
1730703
1857088
3350501
5641939
2472800
614710
2637661
1644513
2883438
433950
1921072
1438705
1382200
711848
359073
1406434
1522308
954722
593104
495924
716041
263779
483982
512184
3304908
482206
945688
164286
1243597
224157
1756622
1967863
1345588
107568
314046
486
418290
1195268
1967310
2842579
4933077
6453741
4548411
1554574
1824408
1481634
5617394
362252
2291279
4755130
4037943
836815
421043
2774611
3690608
3843598
5808577
1446758
257077
243502
1809882
1809430
2476961
1586693
96664
160894
497597
2480659
2399965
1140312
285324
1465631
168479
159260
1829729
1037542
2125220
670210
1126109
417277
117649
1634494
3225182
1365436
204159
1246362
65524
87626
296288
531918
1561684
4829143
4828450
2981821
685737
775919
993623
170739
3300552
94504
771786
1522364
3436133
1972872
1018145
647936
995075
1141928
1347521
2627180
4323378
2098429
1567975
560761
1112394
2611948
3770330
4498641
5101556
454126
123291
58099
590817
903732
1769376
249819
669728
712496
906315
5931178
4912708
1554060
1533039
4976167
5200163
6565436
6564578
4236195
3283352
2911778
2683921
2067713
497348
736056
1725158
1988532
426452
1215472
171799
656494
5169
618412
1388356
557116
190594
49869
75849
188493
793447
5381391
8689452
8992922
8704856
7367348
2265454
613566
263857
728148
1246664
2496397
2331783
1521013
4878045
5057496
4993911
1231454
567250
788504
236423
1106938
7380131
2443273
400451
1289752
780597
490433
1439351
66811
152665
2362119
768651
1824245
578227
823361
265954
19364
5339594
8271714
10423560
9873893
9179153
5756434
3298244
1416436
1217935
2039523
1333325
1335587
2038133
2443784
2125815
1400227
1585243
4184429
3852148
1035097
2439104
1644791
553576
2611942
402965
309524
311153
2353415
2484938
3736927
917449
2971661
2433131
1641235
405709
197855
1164848
640200
986843
1167428
873549
872716
615501
74404
614056
2668745
1597483
2179443
1042999
2542925
733532
98198
137474
1559180
810452
584680
1267907
2760823
4507193
2652607
619690
1436498
1640431
3102366
243523
1267778
457514
1009754
156376
515125
381015
1699890
452994
1107553
346807
1322673
132980
293872
1590608
1615418
2097945
2218337
1026058
991714
922772
395121
1258765
1454199
501053
235217
564505
763496
926807
186713
211865
558285
911156
3634517
3758550
5335076
4159093
3826812
531507
80434
853054
296941
570157
1684652
2363991
3132556
5732716
6856729
6899980
7228098
3097948
170258
3745012
5509685
6528000
4522296
2001769
592269
877587
970
1317513
171440
1663248
1556191
1186163
330227
838113
923054
5842275
6013518
5554911
400225
938424
133462
238683
271131
841598
125396
165579
29984
3568121
4172168
4650335
4726831
2597031
790057
255142
333411
652464
1239241
1377063
1714829
4357910
2075349
80204
2378717
1919077
1580401
407646
140398
1122887
1531340
525295
98765
56159
3335409
4276578
4070010
153471
294079
2365836
19363
2364545
2793686
863547
1465014
2819962
4723121
4568905
938104
317111
41635
310497
1851014
1952485
3305077
4311210
873709
1480021
1870402
1309824
3075585
1757180
602521
903408
29695
607839
615668
1185340
8393
2455887
1717733
480682
204148
3725628
4378896
2489289
768814
141203
1191313
1140960
2682465
2292566
1084313
363908
161015
978123
589222
5280852
5880537
1201312
4774274
822664
4116653
2943642
1017554
151695
533198
136687
539365
932938
668278
81012
51964
1248926
1252809
307289
429524
310264
1072991
1753073
1766955
2610492
194808
413714
414539
2444753
2753956
1265059
922258
815777
1098027
642340
3068327
1084961
3188555
1260381
2023226
3840851
5339416
5106441
349709
354066
314045
1306418
462998
575643
816421
27450
32922
297911
1794069
1796653
2332002
1571390
613047
75379
251272
1189197
50190
164284
10649
577827
1027350
3604802
4295788
1461139
1528428
71336
464941
642139
1858782
2470252
4543828
4593370
1544897
1951247
807707
2594999
3932615
3734178
602866
573061
954405
2089229
1384121
1103032
937382
422298
726860
1302177
130072
51807
1008953
3114805
3712146
4307045
4308697
22592
2020967
3821812
5494678
5983663
2564818
1730319
405548
208339
417975
4205896
4305269
3335535
543041
346803
112803
1723380
137496
1831766
961503
364962
626964
1574270
25982
311249
1657534
1757597
63906
1138590
1139346
1358495
1828922
414262
1065273
6205880
5263417
4179541
3062834
689576
457191
1767277
874355
113019
2551712
3555533
3738375
1482442
407647
1312990
1930271
544195
403844
1279726
3306988
3810816
2805594
1668832
1137081
593534
2300751
2785694
575157
142499
1025089
2940995
2940280
2368579
1265383
2265896
1734675
704177
699076
2180933
2898553
4220739
396507
181549
357946
1142093
2432652
1871850
260871
168158
626845
3192513
3933206
4555155
3251825
980754
1472100
1777280
647942
97473
507056
2501395
2106499
3480975
2803661
577903
203422
388294
1085764
853539
1270304
2001660
1705466
936975
3017662
4294331
4191238
3468737
2619099
2433647
1509873
1274545
4861743
5784194
6347089
3746608
543690
53628
212538
212882
424278
1051236
24853
375697
787611
758647
1875839
2500106
2354057
404142
115224
52770
826061
110915
628871
2388305
2475255
4115845
3006032
2012633
513009
493186
433147
278704
486401
1056239
1188442
355680
43251
103151
2103269
1491801
2585638
462691
182041
1225365
3202756
2686198
1452904
1423053
1651406
99897
710580
1576204
1636880
1095772
1532793
654745
1702767
580163
1885567
1793744
749611
1236175
747512
158475
3227
223351
13233
588394
767527
1138337
464614
651288
1069304
966506
29855
1135473
882925
506251
676184
652781
185749
3202591
440501
413310
1603639
2832876
4790165
5568502
6230072
5517592
1846354
607113
212537
1699821
547720
2215429
2538676
4319342
713069
3156694
2657801
39540
1212614
128619
222894
1050893
2006927
3095922
2597091
1160478
1429021
529649
1542533
1298304
357943
835469
1493574
1522622
1726123
1868139
2448787
4275649
6446562
3872973
3872092
648588
1039773
519329
1030896
478978
3441804
5004242
3398039
759780
632447
2932607
2933505
1500001
1422727
2571917
2194448
857412
817392
2795753
2179135
1320268
1101849
183491
897921
1091413
878859
615020
1526012
2077292
1497933
120065
25661
1947741
955213
2697474
441063
517062
1754528
132517
402000
478172
537235
1255418
2849011
2339400
1785027
1358339
884524
640492
988289
1300143
123458
1591532
2188155
3172509
1926182
705232
84308
425077
1019706
1148705
1353175
4235822
4942273
324536
510282
114651
617921
400544
8033379
6330614
5165952
1918237
986376
4935333
592401
625658
520923
1828749
2351299
1859981
1194377
679895
1774056
2946320
811386
468976
1217620
1420469
679571
1515295
1350258
69394
244976
2240934
805290
1644110
53722
2762348
2927923
3648002
3338796
1406750
4438374
1635494
791963
677636
156219
285344
175683
209634
2829962
2434982
1687292
503840
234969
779805
457673
391993
4518
3513680
1348493
435370
998458
255950
633186
320019
347288
2746696
935891
17528
982970
741708
2428132
3039764
675056
2289666
1497284
235023
522065
1528270
419913
3199854
2399884
1906223
193937
438150
1188403
689417
65841
132816
305653
154439
363594
1381416
1898718
1090633
591704
2976981
1198112
917448
285862
554179
398288
1239822
1323481
1547797
929152
845409
1318801
1453716
2425995
2424472
1197282
1134060
1236980
392835
716528
449926
401351
1598150
1692989
326309
166506
1875404
3569411
167355
656498
733841
1598475
1873628
1931559
804803
1348977
1348286
1252954
66811
280783
861124
4072595
3712535
673258
474922
4381
1079960
1211543
3370668
3407547
1766547
1302501
1038966
331153
3084622
389733
1093378
1573814
2613234
620671
679734
710720
5302312
5301492
2235687
594742
593964
272597
180945
287096
3291438
2331784
1365116
451700
314938
436857
1540537
1619582
2036135
1767115
911726
821427
162670
866040
2805275
3334117
3157573
693292
151641
1710955
1736938
1156768
1722664
1875080
581385
775917
336154
1408756
607918
515287
514570
79421
78856
1336551
428465
1198772
950855
447188
843697
2255167
3366071
1445001
815453
424081
220118
343668
539657
458301
400269
733642
2719259
2512152
1673678
2260
1570552
3271502
2589507
1279265
1673033
2466378
25176
1468562
2030122
1203530
94289
262079
1701598
2591448
2770096
5367351
6789272
2839164
3406578
547563
1219716
1019373
1033318
1589414
1271031
436694
3285196
3204667
1051095
2325173
2473319
3594342
2895325
263372
123296
2708835
707165
831758
977478
416526
38020
710232
898724
1400939
1521725
3538020
5313290
3881840
190424
363058
752791
1565551
1084279
984743
606630
150086
547723
408814
185913
2346794
1252473
872584
720798
1515524
968361
756716
1594114
1516350
969410
1672973
3301683
5764347
3353236
407272
2463420
3042667
3176290
3325243
1651515
652742
463971
972798
567415
190748
1800840
1322673
532268
653916
1702578
1571363
725728
1826986
3327018
2986343
625026
546436
708784
872586
1465988
135757
1407918
1733745
3931272
6560941
59386
1924539
2032587
1439835
1412636
158316
452023
1303629
4480401
7083143
6675657
3397377
2726360
1483103
436212
115708
176226
924613
4991186
6126653
5518724
4160065
1776510
6191195
6438107
3120127
2790588
2751052
185427
1288137
9398790
3289356
2071155
660720
333249
1179250
1385611
342289
657463
1541345
563861
738801
737185
434887
1808429
1590727
4321118
3114959
98542
1276357
15193
1302663
205761
689254
75205
299847
1960935
1198088
1739683
643748
1405458
2835151
297343
420477
960698
590813
103443
123457
1680720
2589512
1590229
2098428
429597
195751
1049199
1220681
3881197
3826650
362297
207535
291453
2422667
998582
222128
454609
28657
207373
657142
1798510
1789731
1161451
422495
1038485
1397716
161101
1958835
4295897
4878045
574999
153311
611462
184779
289681
645762
549982
185265
336638
237067
3185036
586453
28080
2984086
5807434
5023769
4050163
1918070
601779
429119
1176141
535960
2140710
4034888
4187175
609210
898490
678556
987425
519970
1417890
2192815
3766456
1253787
331154
1657376
791542
227165
250461
1146932
870326
546919
118939
897113
2254160
1756465
1234237
650361
1304850
1121491
162188
11776730
1352209
66881
1115460
728471
195271
509316
133463
670213
1184242
2025322
2894193
1439027
438633
50027
1029122
1231979
1238164
736702
1263607
2719420
2388827
156099
1978685
1987244
2231086
1087863
1012885
530539
1928978
2228982
172441
1199220
3054608
3305263
1648171
1205668
1234399
2155539
845439
777728
1095129
910855
135871
702973
5485965
7053572
5161946
3082689
2516888
38732
763005
1396423
2155796
2046146
1493245
186236
3932064
4604500
2249321
674251
83381
498769
141690
191719
1092060
3141958
3744585
2613235
379364
5136533
2677320
49223
187846
1441125
1738552
1788349
1990628
2328396
555645
103061
389650
1914133
759940
471108
592589
2954675
1866849
896628
3551946
1587980
2699733
2836421
3403995
3490819
2238506
489787
1595888
2317098
2240926
2122958
694567
2088422
4864328
1605408
1759933
387608
1376921
1236272
1352466
798190
436535
2662691
2402957
2402094
813355
1202766
690504
468487
176067
508993
1525461
2034444
2589510
1904771
3327499
361164
2010338
1723060
2541257
4817355
5102041
237393
2481226
1223941
2361155
3131103
5593929
5265681
5141091
4724734
3709327
780917
1754300
3372846
5370549
5932022
4674584
2212366
3492752
3117224
2220917
1521664
2961492
192650
21490
676511
328446
1186955
1172917
905206
772200
2264652
938748
955373
1113204
371982
111839
169450
37763
4196
877667
2587284
2015632
765903
268539
563703
540302
98443
2261905
1969969
3264401
324214
3599266
5230824
4032412
3343318
1603638
3679995
751935
150085
2761481
214314
323654
4775083
2700539
11843
135077
571286
1140345
526098
928086
648591
762681
1758885
2619041
683388
1787768
2714414
2624693
745230
1417403
1616062
160073
603561
988588
621932
588067
2247461
270382
1133537
611923
364233
1886982
1134485
1016697
951177
93598
715241
425241
689899
589363
1332679
113128
838531
993111
716206
382970
2551046
574190
381664
13413
243847
62613
971993
2390515
1032834
542078
636
1348214
3906532
447346
707166
940014
344385
745740
635354
228515
1362856
1175602
1257961
2180733
1835542
1327833
1539960
1500679
843536
942846
1698527
956987
421042
1012017
777529
1058654
1264895
152184
521421
777371
1638980
644553
1262286
156217
2276429
154439
174295
18047
447706
268534
1503259
1005077
1916349
3620517
1119658
116030
1129176
1068826
3586193
6556721
7223867
1233112
1626877
1666774
156541
1639563
2034521
3064739
1893797
1416758
445196
35504
1283717
1655599
418802
399822
396030
416686
104091
1409333
1985072
1057685
1316542
2676912
3876273
231115
673601
214635
215409
1296527
1809881
3362916
2382486
2003934
446965
2928247
4224938
1052364
142825
936086
52885
745093
1232946
153950
1134342
1370119
2099398
1036223
428948
529649
1250373
453803
307587
1075810
543530
1689492
400231
2651476
4648579
4460233
4438932
3759518
2462344
549665
1592128
973127
658734
340126
184784
509878
47301
1236646
260763
748697
1280391
42119
44218
1747747
378659
1470339
118194
852453
195915
442665
617278
143521
488174
1031058
3390586
4318214
5356858
6058934
1639360
11779
1781477
535945
493662
2016606
4546244
3685280
487692
778337
457029
842567
721210
344227
3525359
2406023
2304999
1781963
7910
163679
331808
997202
1236335
3571024
1104813
427176
841439
2947452
188672
3144567
2431260
2147808
302429
270472
965621
1038807
1348330
1302826
288545
985063
2699410
2774292
404904
1414180
1569749
1328486
707811
1317510
1329131
109578
126520
288803
16138
447670
265688
3205980
229160
480915
718142
1915585
120389
218183
392153
576779
646902
7581
936167
571282
777852
323729
548692
1145151
165738
83394
158636
1866847
3238744
296939
906957
875489
468293
469149
568865
183808
609682
610545
2630477
2724262
449225
569352
134751
1361585
2490261
2235643
4995202
5551482
6875769
9955880
8683235
7486960
6603688
3984484
248688
912118
556016
695102
161057
744449
239962
1849104
2442720
2147326
1295401
148310
1151287
4614351
4441193
3739536
2896295
252073
2681492
6424549
4870651
1384643
40630
287903
88989
4307380
4852543
5414147
974898
2207521
3178547
4886921
4620104
3623632
3785174
2081001
2513820
2743630
1927366
1977878
757844
319857
652722
3497111
5795492
4183464
909542
300006
844019
1425149
2355188
269504
228864
419427
1542315
370695
1972004
198662
286771
157880
305515
513994
909857
1023699
1967547
2003744
1895251
1830583
1119983
1028025
363429
246748
737988
1207431
1965127
1503583
93599
913422
256596
1073501
1154675
158795
964089
1288
881943
2095217
2908881
2636310
1384323
1523752
2169592
90524
1918651
1518105
92695
664080
1425795
429271
59726
1232943
2831904
4379539
3741121
3662850
140724
302019
139083
572690
160571
656814
657298
520745
93670
476390
1575236
919610
1231977
4869977
3241672
2824643
2635182
2410377
2390691
1005627
1489720
1129020
753165
650849
529491
509803
595143
3641063
3770004
3629446
1273450
1864102
4058717
3719819
2045175
1995307
3048636
2127638
2126865
687801
1758461
332765
3032176
504960
1477275
2073601
1575638
2068250
3647032
269346
2022261
321474
1072538
371240
1905899
2541259
2477514
229808
807548
674730
202817
737955
1692841
3435554
3154787
133782
2645187
1314616
357943
420718
99039
1060297
81470
2915053
3477557
3969283
1587176
624864
3066
271749
529343
1400942
267432
1101096
1762309
78754
1392292
679609
4086148
4621444
5024253
5307958
4686486
2568210
2466215
394735
2796334
1062365
258531
777370
310177
984422
1002009
164444
193173
193939
1324126
2328876
5081379
1660121
486401
223863
1061397
1633172
1951570
150732
277575
1728064
1315295
2764724
389249
37440
546428
537109
697968
3042017
1382709
91823
770266
1834942
1427730
4474757
57712
412806
2483324
2156705
2087941
921024
2227208
5570687
6724701
165093
4845
961019
2765249
2766012
2372862
643104
380207
2499619
2290473
1610421
1611304
1631717
3215338
4961616
1566840
1661573
1544397
1097624
1436121
2074997
2401984
3842946
4747507
4039031
645041
447829
826634
1006224
18002
343490
2249322
1564746
909057
1472074
1232748
1018308
1227697
1573619
2890053
3002964
2030649
1984659
546108
640069
907117
285482
1007985
568062
313074
2299382
1973273
1300565
124588
2405284
4248238
3422720
947679
684412
3842517
5255677
2848047
1796648
1359150
557731
412168
1240856
801899
91498
252978
167439
316469
225779
3458221
1485346
155872
1105137
1455653
3902021
4802845
437363
152845
620359
98926
194142
1995472
995301
482101
2891454
1844246
1603519
1110946
188014
492900
410230
726574
86825
934276
108448
30179
1102889
946498
30733
480104
1627843
2764313
996040
176548
266573
534489
687800
1535694
1472272
2620920
2412154
376983
1236657
365368
1005561
1792211
1237868
1244727
1676963
108128
834340
402971
639841
2116501
2607906
1803517
892436
1008629
215446
1529551
479242
188494
559201
2115538
1768086
1622389
1610095
1816701
1986267
1991759
1833928
777888
1247306
530943
1046874
2653738
3627668
6996319
5589251
4995532
1398196
3519927
2294829
1674810
1615419
609367
1303809
1069147
501103
1661925
1129183
285964
297905
177521
334705
1126189
1438203
1488947
3210346
2862074
598885
436856
1262334
1218774
299996
871443
927281
870321
1080600
1606221
359553
1058168
951662
437087
494470
254660
1988367
1014129
947138
2109563
2681804
1770342
553372
4216957
2144424
1455002
3037933
80002
85047
834494
468971
191400
236567
127805
1029928
1195505
259949
2881604
1502282
2644404
1481902
1371244
2727807
6116312
7914674
6204382
5987855
5167175
4994031
4071887
1079569
17433
250297
84727
1261650
1366732
779305
2966009
2966801
1088352
1014169
1669479
6747633
5937348
4565129
1745978
213772
1511813
636868
625514
2189261
2456534
946816
3175817
1486640
495597
3830681
4057906
5153356
237555
38728
2802462
768495
1161454
1767829
525453
996143
594205
114252
2367602
277892
898408
2349790
245384
5324
1878145
103122
994676
856450
855675
561607
610497
1680774
6328046
6412610
5003600
705553
4300306
800125
553211
668839
695710
136092
160746
742025
178645
995566
1475820
2039841
2546095
691582
3072517
3633033
3816325
1021703
827884
516906
1090767
867454
642443
237872
341646
1144873
260587
3018089
4877516
4558192
2925865
2192032
2088903
1972366
1585242
1499437
58254
677957
1010723
1852000
1567771
607179
1485501
3960599
3932828
3519708
2493814
976334
1599601
1424554
1848239
3733160
4059957
2474120
40746
829036
487695
511795
986384
239018
2303547
1382709
194789
3809705
1301992
837405
1114173
630192
26948
1780031
4159524
3859415
183814
2262064
373618
1045156
1324770
1716277
1028965
116829
2188772
4260575
4144150
1584757
888079
798663
223354
2054114
3900079
4089376
114254
1018958
2642819
2255295
651659
73878
462424
225753
888873
413454
1262482
398813
1500467
2082770
1780805
2133774
1436766
1611548
574819
20655
274828
432095
507540
1370977
862147
1419287
3140135
3297002
3022009
2697153
1660984
2447176
795921
913087
1276031
712978
376338
291778
15529
511249
3232773
2038561
580314
1059627
1670128
328571
1132080
7836
297001
203344
1433537
2628881
3142136
2223013
3348805
2611945
1174041
589120
645360
2074220
289838
692970
342936
190911
385131
1598960
204468
3366876
604206
1580018
2459602
2088785
929100
2920497
2587247
517551
895671
631964
1130286
60822
301136
1844414
1370927
463481
49707
664237
604534
71655
246762
982319
1805364
383120
1085518
2722164
309366
210440
1376249
908248
381547
637568
3292278
3663821
2110328
407163
797868
1568713
2149260
1910353
1092483
2425343
4233555
1341235
306137
560598
1554755
1298063
461222
886459
661021
1447992
2188804
282903
24285
1096143
1194055
17911
462996
3393181
6474097
8991142
10169865
10373343
2587010
1061134
2461368
2818181
5425120
3289093
4506767
3717326
2459916
2394573
561279
86823
303714
1576689
1664053
707166
58139
220605
1540277
1726444
3898599
430891
254903
2791475
1888800
468009
465578
105926
229480
702481
3343960
5372351
1217134
296619
912769
26469
202853
2555983
1140803
2442003
3094630
2248676
1903318
67298
957790
1259731
3895396
5060723
6695454
6890779
1234893
677937
2001676
1245052
230125
17754
1269755
2898229
4382766
400545
212378
1381572
300169
42351
667307
176693
551558
971512
125554
1007011
1064991
2565785
3829871
299362
890425
884527
2288693
179614
354069
405521
5727064
5737875
9319067
6966771
6292686
4104205
741056
3912991
1065054
156100
122168
502604
4583039
3672374
3671535
2761643
417647
1338809
384247
212214
1811008
3207592
4228646
6182803
5621299
2484934
316434
598076
144808
501890
2747339
3436269
711375
4213335
649558
1325368
1470656
2919857
884852
1189372
3299742
2632118
122652
296937
1167124
640359
639574
2057278
1598795
909702
2391657
255134
1867009
2515700
4468297
294357
1091254
1394002
2649220
68827
142098
2739845
1204222
880601
602597
2119893
2108752
386537
262567
26683
445194
721854
296617
170737
1223584
2981342
2003817
448796
2948900
1258313
822327
47960
710348
1568750
2216724
2088748
835462
1008307
441558
1383354
413453
271176
93440
411034
1591702
1367214
1982396
355039
1407233
194462
1278134
248362
1204869
1521335
5323617
1486154
348581
1029120
825712
57503
836114
2169248
995231
595497
559995
735548
1054778
107485
6107612
3666401
1047037
904863
17262
461500
1043162
4683175
258537
779059
554104
3051378
615151
1739516
2686657
3301841
5466919
9903313
10404034
7103481
5576342
5465695
2249990
590327
540949
64391
506084
1798418
2493482
1619510
457986
465956
3560054
2292452
179616
381989
922904
663921
233194
25499
879521
1333814
9202
94910
30661
659232
1968192
1802460
222384
299521
3101039
8732420
323083
451110
940849
172678
15165
783660
1380126
545625
35829
888556
2585471
3299383
4088251
321361
327664
437340
463158
4641142
20175
829067
2221720
2789939
579032
654563
2116882
2631883
4976648
2218013
2008375
1825677
642135
740415
2145715
432664
254337
1689974
4280526
3649960
146230
1867008
2408437
2297366
995394
2502851
7650398
7473366
5473315
4988752
8713
549175
1746777
129100
2324530
2219520
344230
373271
599527
415553
3671725
2812863
1268772
798719
2804142
1882342
244880
1189090
1651086
908897
325990
163204
51801
85368
994912
884754
777693
2482832
2954872
4383410
5143626
422013
855635
2849289
205117
37843
763809
1275554
132658
120547
887431
1080864
156891
4267936
2849979
1950995
1185504
67616
138299
1053007
178972
672631
3332825
2165400
2126996
1913973
1957703
2782364
2412638
182701
37443
329379
956023
823688
34051
193947
1255700
1750333
1047200
3435146
99004
630830
1240372
2982261
183171
966669
421849
295002
3833751
4655825
3817615
1030416
3243582
4233488
4492507
1705791
546270
365693
617989
842887
1846932
47608
1749365
1481490
104092
326954
44382
2700374
2945350
4337191
731216
136042
2186221
1337685
310815
539657
2687298
3434752
3244715
2897742
3057348
3198071
2702020
559832
1908969
1399094
134750
30825
1001154
30987
902276
1265706
735730
814324
3860861
43737
322388
410228
114096
1977718
3047509
840633
348260
1471432
201243
154438
899730
2832707
3536486
3392862
824656
898399
1321431
3787771
3835688
4097191
3994165
2797855
500281
590652
462197
461390
4955343
741992
1658186
1520399
3275808
317070
153874
59225
1064554
286129
1193409
1026383
1493573
1053975
4103486
3116487
3107656
1680457
1427729
6394857
5987214
5153845
4990727
4725317
1866792
1252770
648908
3285772
2466217
84078
915915
277354
147847
599365
589037
1118473
2513335
1425476
71811
888686
1625258
152589
221485
627858
287760
796778
1281683
242718
652941
1820048
1909778
911009
19451
323890
453482
1360277
1096742
1051876
1815527
1902484
1658993
97047
2599352
4096638
418942
400224
2467993
814004
684735
596304
679754
1541339
1860236
3875867
3528884
2657937
300359
823202
1867702
1332724
418828
352086
644887
839781
892429
4911443
5983494
1363417
3983013
5027074
6189499
7098012
5247894
4539595
3622569
154800
1621708
920519
200269
518681
2722327
481556
394217
426852
2650670
2689095
2771869
3373010
3206150
312921
1999338
1673031
1115949
2317097
2201068
1659475
2224467
1144997
1615414
1528374
279835
486076
2287079
559505
550150
937412
2867242
3222845
973906
83994
83230
888721
6557043
5369932
5262407
4483471
4008689
770587
1870888
17754
271162
162391
263275
1193529
2075229
1853779
1450326
272570
244010
614541
448158
3282962
64554
408134
1183884
581002
527426
1767726
799481
143956
1776957
9595195
9212885
8962422
5879574
5498053
4111812
2912113
1966580
1011052
555958
548698
1635587
1881532
211566
124101
731696
1880234
23030
650854
3157416
3265378
1639142
622818
1804556
1822954
402104
838373
193010
1126921
441533
1973522
1248762
813354
873553
193335
17751
864512
2151102
3307497
1865238
184136
854830
598331
458217
225340
698133
1936921
146691
742828
148366
559952
74554
1388035
3739339
1732581
1226171
1398895
1422728
953596
1140450
2753313
338739
1412900
2297091
16622
335992
1309437
1043488
239646
3518736
6525412
69710
5557616
6175382
3065843
283543
522881
550145
1341070
1763245
1144506
808196
112968
1409623
1921714
802059
935341
1898316
2278146
2212029
78067
680912
1450576
675230
125877
1211584
7572128
7907743
7402944
6980205
36953
688869
1049298
1296532
1192281
312918
1956067
2182996
100706
286778
2765407
742835
194627
1116915
456865
1749195
1832953
415837
304203
123781
273214
649
85549
230132
3149211
906152
575645
655742
1308630
42610
1352524
2556228
467362
434433
181116
249491
70687
3656464
3918236
4673088
4826243
4554950
1937698
611797
449288
1273289
1637204
1058161
880008
1405300
134757
734123
548212
433948
724434
1409978
1270871
530453
2844171
645130
1822948
2361469
201401
873711
1151286
1190358
329543
215601
156053
287898
3905080
117164
326486
92335
529003
754153
531266
1546507
1508577
654554
2142167
262560
42938
1009921
295813
1052035
365362
3622554
3584582
2684080
1504141
1320923
39539
778652
1090139
1251664
2017518
3774686
4372765
4025958
2763727
2162916
401032
844663
1060106
675373
83109
942136
595496
154281
42605
1855873
2203325
2273685
771075
1463717
859836
769460
611632
1241663
4354810
4098738
3600237
158796
1312591
270468
1605574
258695
850313
970688
1943510
1124177
2303384
149603
297905
115065
4994401
6500973
2632925
1584112
236104
2271348
1419898
1565387
3507118
3846262
2000631
1034123
988809
1261835
881013
3865768
3239550
2509305
785036
1503639
1098195
1011857
134594
301778
328727
1396218
897599
4470717
7826298
8381882
10124837
10768833
10907377
7439503
6769907
539941
243216
375852
3064173
2925490
81971
98880
472923
1454839
1470016
55649
1241358
688606
6446179
4702141
2713938
1657151
244326
310980
2177667
2806407
2262232
208023
1418820
938754
224177
764776
1375917
4484922
152180
117485
830625
167676
1046390
990392
1426605
76658
171269
2158790
992007
310921
917935
1925426
2663424
55673
346043
331060
559858
765591
1544891
3924608
5854393
4797678
1849259
1314766
235613
57771
400900
3801639
2307741
458645
318083
2584668
786891
203659
1010241
1099205
570045
478656
1678354
2063084
6354536
8634656
9004701
2902023
4615314
6199060
7357955
7071206
5168532
4979394
4336800
4335964
1335424
1037032
998299
350031
461869
1629460
205432
1337732
108871
293715
555149
241011
259824
706688
369697
2572858
3807285
142987
667144
605553
1323481
60917
1657857
2344016
460254
3713038
2869827
888883
342020
763169
1633164
190864
45625
173163
87999
2270640
1319609
1829568
1920254
1619921
1169689
99252
2235119
593720
160577
3562801
3563602
4642917
3986422
3509221
755039
402809
231581
1944796
1097710
566607
1235938
2300319
329863
258143
192691
852732
211372
722820
3299745
2881096
5167
1973844
1735965
572739
1237949
902277
156241
199788
301296
542883
614374
173483
1521494
1156612
2106494
715724
218027
149435
592762
914222
1292109
988942
2721355
7045416
6317696
4166497
3699947
450433
1195043
201514
1634135
768821
81495
866490
718948
605500
1208415
811970
779462
3152242
2666973
808363
3223732
3895420
4168363
3393905
533539
34859
592910
942783
8716
1314118
868710
238522
621587
1831467
227064
327279
75323
986196
575216
604532
536756
3070584
2791881
1868138
2167324
1144100
86790
913969
2006122
2005303
448641
25821
279186
3344112
4227680
5529932
955777
494956
1045582
1745169
1495188
70844
1856728
2535977
812874
415394
2337756
2446042
2186545
1912036
214956
2296279
2333240
1108846
302752
1348006
2649827
3100443
3095117
1374686
1065273
636647
482204
1771474
691327
1411590
2155898
1187116
686029
325637
158959
1417241
1520908
3151758
2494940
1145157
2822700
1149029
3182259
3477583
6264991
4943405
1509249
1383034
823199
212376
590604
645682
288727
1389352
74718
5804853
4718765
1001206
601407
440709
84406
9525
3555529
3588613
4674702
6500404
3892010
3012505
1432412
1208415
1798262
815617
2883543
2031779
179900
2859015
457351
2148296
941654
1359368
5541962
5011024
593561
2441727
527962
206914
1217289
2429099
1877339
1449035
2676335
1881373
1668363
2384721
1613478
948651
448315
3640442
1654960
527071
1199607
626318
245619
884688
12103
445372
2106013
1024603
370528
371658
2348568
2391010
706778
4396661
4060268
3167343
528841
806092
334056
1517621
2020117
89406
1620745
442988
2121991
1270870
856946
1263123
823845
1654798
2252224
1647854
318887
109738
1935597
137173
649595
2955033
994107
228766
1332758
677629
2211876
2242096
2155396
58741
618452
1442898
6694702
7769980
6530901
6064864
2175732
1722739
964129
835789
1425782
1768085
2234470
1359146
510288
3424163
2982955
1482177
1262492
1193730
725730
71599
127976
118129
334864
911803
69864
1030569
709594
959409
193170
4562707
2142003
1749202
652426
1042838
72621
182520
91022
55679
1074533
1480342
1680938
2289825
2681335
2347568
1418697
1413947
1635427
2633653
3230671
2233829
2233022
91473
291292
115712
902598
1777284
92797
671179
25813
1241659
1339455
2128929
1777767
2312742
5357182
6578671
7752091
6711782
3647976
1157556
171222
149114
981647
97635
468003
446350
1546992
1786319
255756
1030739
258052
1110824
2905166
1610750
1229396
1283578
664682
328853
2083141
1016051
221255
229323
1614288
1615005
2187994
812226
781886
455414
509014
75088
466875
522565
1078700
3144847
2097786
2028923
1632887
1471948
14363
27438
834262
1028389
216513
1130790
1259575
327765
1402562
1717199
4843
1261995
1757651
4355
667466
890763
1425530
831592
200910
1326013
2547226
2785101
572739
221412
2171211
2075878
282898
588331
786065
1004106
2569173
2813886
2216132
1204438
455736
936006
586240
2117238
587584
653794
726373
353619
1222293
2012330
733606
1621740
1870109
476331
535782
542312
1168230
436857
609692
376988
1062205
2491551
205125
251105
108121
1413533
741057
524712
2863210
4585460
4352430
1926197
452195
332121
2576436
3392373
1555550
1283140
1121897
2987664
5364866
2229147
1275389
508994
1543762
1510200
1957864
1838563
1314883
213626
118896
186287
538476
1075865
1320577
784634
411200
1448390
201241
5114790
4872229
3040572
2845945
2262878
822570
2619186
1494743
924549
256109
2916948
4319744
1813181
1126348
753807
940040
416061
627770
636148
609215
1327192
1828822
2047591
2417473
5785969
6687598
6726942
5486390
4646427
212737
346244
210440
642456
1631716
4292878
93602
489306
3105927
782048
1783415
386987
1116664
2006926
1889120
3033305
4640656
572898
151700
2322261
2430551
1540858
2172016
2334043
22595
284516
279834
407649
950312
655493
1025408
508972
1149194
968287
1730964
1596216
316172
2101334
2773805
88115
3329005
546000
281133
2028227
1646567
2183641
1855069
722496
1086281
49895
1273291
723793
1360839
905987
972179
1760979
1573136
885657
487817
308237
454285
812225
1188562
1512908
4265505
4428221
6929187
6822035
4800243
3463711
2242705
292040
170203
857406
1298321
2022414
637456
1056937
303132
88447
1435144
299038
1238494
967637
1475498
1549751
440837
34632
1858434
2595640
3214537
1886611
86336
765588
816995
500602
98117
1073725
977957
360523
1514230
923758
840325
773653
295485
2097300
684202
1921068
2653238
195470
778658
38082
93558
2807053
18397
190912
56324
1544409
653754
239166
510860
1461913
1216326
348529
845955
530298
726861
613408
393448
568246
629062
723269
1002961
1272159
1592720
2182185
295962
1103193
727656
501251
2667210
831107
1374477
310031
156215
166059
808839
637450
1008305
2759763
769140
648749
838327
2078095
465098
160896
159593
3002966
1552158
353077
2212525
2455404
2480255
3759678
2032102
1670673
441051
413619
2050281
1112391
350197
442872
692157
1589
1746483
2684909
1043327
1584037
3838270
2345827
63422
166543
273059
862257
256596
210280
60680
563215
564095
233300
1435156
219316
1942656
2420622
2079388
1564604
980966
1143379
1399813
1400669
1859424
563704
1199138
3744350
3655591
1464045
38894
995719
114610
368267
1415276
734926
1509551
673121
412002
983449
276457
1991757
50027
1075438
293557
904699
3676082
3912991
3391891
870004
163800
98281
1283454
1955766
909058
652849
18324
486888
60352
497266
1487924
702761
761227
2201225
1037354
148959
783983
1035683
1497624
501086
252723
430644
3285017
2806343
749844
769693
1915585
2445073
477525
88596
325827
144600
939238
1964642
2017573
248848
1394974
821102
829883
1159357
203178
886621
1057200
2177345
1494704
127973
350033
770110
1923654
2675847
3060093
4041932
4942114
2302092
910026
364234
1765180
1387061
1287010
665212
524534
117326
1290235
4126851
3418522
3417069
1631233
711923
758164
143306
740700
751871
3584261
1238756
828280
874399
776076
752033
2603227
3498062
1829085
3064290
1731774
1616707
562411
13718
2373080
188007
1137847
23560
872098
460097
452512
5165
241569
700229
890176
989225
1186150
861934
1132248
4361983
4617387
141046
549985
2355026
2001115
2303224
635190
542560
5879244
8197637
9190377
8882215
8845913
7628233
6310096
5450201
3688348
3106569
243522
435286
606788
2634694
2918725
2849169
806417
810614
555633
1016235
1446936
6739729
5615713
4073308
1397410
75525
829658
349552
82950
83781
50942
892573
1709823
2062116
2384798
3154365
2327430
1290886
756571
931163
1398523
308882
462195
596460
865024
269508
325543
674730
1088152
291778
1920706
791246
2992741
1751232
1313635
537882
307753
201887
629059
1859220
1531174
486243
996365
462838
588268
852410
1731124
1778899
964806
378758
1457588
1389336
25821
516254
486564
16297
21141
616203
105135
385859
920998
143628
387797
1353336
1154518
429430
358239
142635
902173
359558
1454359
2739591
813521
1525524
1743391
2540935
843983
25822
1526979
432176
1735486
1518109
1096943
131725
4004976
4336937
3773306
1823599
1932527
2498006
866774
776563
193656
139270
283990
147985
245946
1992198
2397145
148150
2422539
2357744
67938
2098103
4322732
4152157
1271035
471389
654733
213127
586619
844023
50303
551277
1000158
1692234
1341719
139111
2071314
2653255
3021846
1965289
794004
489628
3516061
4327156
6535727
8395073
7059068
1236332
1432251
1252960
616282
2591953
1598472
599691
1101424
298595
2252384
3908145
1004622
629792
942299
246750
368752
888098
336861
567091
113936
498824
299961
62714
2630662
1933015
382364
805396
1720800
705808
1760498
332119
378114
5541164
5610685
6053039
5177565
2922274
2100751
566768
521902
477040
725242
1123369
1414526
3266496
2429422
1912981
1261676
2277237
2708283
2192296
99888
3473056
1036549
997979
110301
1195504
1526978
2280789
3352515
1449842
455739
79822
131204
3750964
4652431
182361
371235
809645
357138
157419
842729
861933
1083972
1504549
3371393
1512623
518197
397970
393126
1535209
2656080
3015717
983456
1776633
2424254
2448467
85211
1895412
1439999
2957937
5359114
6484745
7109659
2076706
1513588
1057042
1031868
1870
1692611
652463
1236524
1647534
1348804
132798
599630
742837
675702
393771
222064
1734064
412748
386177
1268769
350169
651987
724115
180331
1174035
1230779
4073925
1887831
113283
1239898
839984
1460815
247832
523679
97312
664402
819810
1028798
3751606
4723438
6491778
7865358
6945963
4188983
4188225
2275010
1725135
1363534
2417284
2908042
4054845
1283782
92470
49544
134271
2732812
685083
345142
590488
1703047
287581
62940
2458303
2820664
782721
655203
1257706
734282
39482
40344
318882
961018
97637
36152
782857
3037503
1667221
1409175
51967
736644
938858
215602
1962429
1238757
155568
162024
1260870
2053471
915766
1153223
531079
867745
584198
435080
342626
1289517
622790
1833002
3836822
436790
309108
1512779
2485581
3485980
1711442
3140493
2464544
903807
1751781
3581763
1455327
1854418
1905523
1565745
2258522
2168804
1243684
1099484
172516
264339
1641846
271017
53032
1667380
2022094
1835055
509319
303398
975382
2298541
1725256
26285
71960
2565628
1217133
100995
1540370
3276919
10164
1439677
628901
66184
1185337
1212452
260980
172356
612918
12746
2892161
1724190
1211485
942624
493341
307599
110064
2974566
1126276
94898
373433
1803262
3428849
188331
627281
1891860
2223660
2173311
781953
405710
281605
420880
80048
80847
81536
2241092
905828
1201637
152501
292902
3111088
3889586
3667853
5107042
6520570
5687045
4950666
1859263
434111
951822
551922
1075441
258851
5491778
4905317
411199
1981592
1542653
324858
741540
2211555
2331781
2710420
3254386
389891
1074898
2225687
3050353
2614365
22915
612922
684739
2800434
2151040
158313
1417565
1572830
4104869
5565199
8888673
7377022
5385892
227385
4678
1369309
1284772
1920261
2380036
3065901
3770462
3114643
1199863
1742433
3455798
3596363
3007969
209958
701678
153638
115363
1423
532231
994622
146514
552886
1512939
517545
1014434
4340713
1535051
1534299
1167847
479460
16789
495279
292423
116352
71463
4006
437047
4648074
3798796
2907815
1981331
85274
302754
151532
1958025
1482349
991832
955782
985155
525615
387631
1778248
676185
963442
1475500
786245
2110374
1183720
2121017
193495
1337196
71979
244119
283113
89240
158158
932137
1665444
2575602
2436815
1892477
1666350
184458
1397671
133629
427172
1120137
1175817
125343
757819
1372216
2398488
1264257
343422
322666
77466
424136
2003533
1264412
173837
846445
1396603
4044564
1681423
4996177
4246405
2720715
1073184
1872339
170253
353820
675535
125711
1361008
2325649
1262969
1058821
2527705
860968
407327
109894
301456
1618808
40141
810770
752679
2048534
2328235
385862
912927
201242
463161
129269
1211965
216572
270476
683930
1271031
1346639
1300567
1209547
38731
5650
135076
103120
2201710
2448068
2311411
935200
638259
2498973
34288
4148931
629722
1855876
1855095
163477
1872496
1872660
59062
705080
1501606
469458
901566
466281
101400
1456099
1651241
2896460
3190169
4685683
4128004
3079784
2582087
1790835
4088086
2594194
1079155
800409
500006
1269385
1844336
982111
802219
998780
440887
1346399
332121
294784
99631
71488
2438807
4875138
5528569
1208581
307562
2577108
2351960
740256
158117
2520269
2533991
2542058
163644
130076
98739
1077467
3
3063808
128619
385611
657448
462675
714429
879683
1540051
1971583
585160
1191894
276929
1504712
27754
498760
746387
626286
16565
3377934
3364137
2599357
1522463
271725
1792736
1571702
103056
117907
539398
758324
1771797
272796
1466952
1467810
271864
640372
1070777
617283
13015
3244386
4058560
3116744
1077502
1305240
1403522
2239472
110867
1100125
1134985
3866269
3865450
3463549
307111
192091
258852
2646681
1174893
181322
1805365
577461
235290
427187
4684
2339043
26952
407487
1030738
1186630
544017
1165165
1086255
683120
2808504
2306935
2168148
1970560
2991027
2599357
954771
501574
1210834
2248143
3183396
4830272
5143030
3595126
3150789
725566
1369478
763330
447185
340024
2710864
742512
1117403
1107394
1343329
803386
525161
586294
929548
1734675
114095
1689495
1468652
411516
482098
3252946
2660357
1109811
1626390
937991
298527
795035
7749
533680
385761
564834
47286
316309
258372
24858
24013
842274
256470
165894
416654
1343006
279192
2906
1680612
2033874
1794066
295484
3417743
1513933
730403
980380
3343958
3344831
1539735
77137
97794
420212
1154028
540949
798835
161382
807736
383867
699846
1689916
1454040
542223
2163792
1130310
474493
1768415
1882983
4832356
5507101
6451172
4571263
1675171
747680
902916
747457
855216
103844
646169
1292786
1570394
1898477
2123446
595973
841098
197853
50418
431958
260793
121032
2604843
469621
438471
1126133
575327
1496478
2125917
514593
3610126
1709184
3144643
3712552
4401162
6443758
3169350
1409575
1087388
555977
1182436
127850
890178
1291534
1008307
656652
2064054
2711675
773175
299680
877564
180669
18158
2161366
402963
1316501
545625
691118
1833746
250944
939876
928260
881296
919063
199950
355360
824919
1378481
323313
3000220
3057245
930130
1240206
2311771
2338720
277414
1063339
1295401
705359
255299
1345425
788180
139821
2433454
3972939
321634
1409904
102400
1182027
1216160
254813
443793
949240
724708
284920
1610104
2767833
1397071
472198
70583
99756
682636
1070758
2238992
740252
762351
263679
480707
601304
1839615
1057369
696038
667187
2119566
1090936
76012
2690854
3262470
2980053
2016055
1675775
2260621
283062
214331
378916
422293
112155
719436
49222
1017827
4085825
6180706
5598128
1267970
567578
3327497
2906032
2493752
463765
480589
685378
1579801
3960038
4348237
3835046
108758
3216631
3510994
2126835
2082744
1067210
33024
63105
753805
193838
1411914
2773381
2755250
1593313
1177920
8658382
7657340
6079042
2553699
2146524
44547
197291
1312339
466546
998292
2433610
3892820
3886689
3187426
1285244
2746388
3669207
3006928
150819
1292364
2337624
2633435
2700143
1943345
565479
417103
1180493
761711
1696918
994267
464618
1682542
3697708
1202285
895986
2498487
4519776
2028716
812230
596304
626739
1201957
1564096
1564903
1788253
457026
1260056
1445079
1829082
817787
641834
379245
14655
72132
951986
798544
791440
695870
483337
1783574
1887340
1279900
318237
2097368
1565879
498993
447832
1107394
306297
4127791
4563445
6218466
10658487
7054094
4850432
4725704
149644
1607390
816343
110626
103606
1558776
1374803
618995
90217
1725314
2195901
275479
317915
1021857
1992572
962108
829983
774950
301853
2126829
2464919
358105
91102
87038
239649
2741616
1333813
105545
296937
244979
372684
2842457
5488
1230523
1172754
1233167
398934
3149
4218964
5617006
1480992
567732
401159
510404
738217
39057
795760
3008781
1669805
5162
691352
69881
535456
610499
1683944
1520043
948918
222869
1034728
407532
883715
1029923
1415140
1854909
200278
3146432
3474516
784311
529814
274836
336643
474944
1803077
503210
2464277
3607015
2831583
1401907
293185
293890
504478
112324
54379
2939369
4723116
4747161
2684242
1831137
1446940
76168
49547
1308314
1235846
820784
5081380
4989600
1972431
1858930
1318681
1256458
1978043
1751626
1143347
810541
1084153
169931
17266
170901
2473428
3134810
3409801
2262234
1227873
3935422
929873
247077
428308
1075925
1052976
1047524
77298
3363971
3622076
1775832
737987
2255196
84247
1724838
217160
390010
1081532
1464201
271284
117767
824650
2875026
3337182
1431551
3710384
3190332
577442
2500428
585815
182611
2608463
1380774
1379961
1050569
1493571
1064953
1519400
2297406
655047
621160
1541846
2252390
31957
2670842
5230656
5332767
4411433
2255456
151215
1145553
1168874
1842152
2650471
2925337
962961
864511
1061557
2826421
344714
212463
934212
3273120
36959
185423
285477
847891
4281748
3529687
3164511
2109539
2108934
974900
396511
286297
1439027
668746
4020635
332233
603885
418622
553858
355845
114036
1144507
1478561
868069
683440
1843927
1661973
1897349
6310885
1077701
1000562
885755
649883
1144926
80854
174712
2348125
1204588
866779
653919
2248185
4437632
6015617
4526531
4320477
650846
990227
70689
392796
1358936
377464
1358821
175910
552727
1856359
1616870
1295425
663437
502664
254018
394848
1533432
2450719
5687042
7553086
4707467
3176222
1662092
1076081
790161
3410968
83921
107789
464953
657214
613799
404742
384896
3681080
2129579
359068
98119
1016573
1430642
318544
833116
1001296
1275641
2362860
3367293
3443378
2911788
1123697
817710
28076
453220
130500
328567
1559422
1114498
2402404
2769282
7141074
7793473
8228864
8980812
4098610
3240865
809616
1256574
3460466
1499711
146479
718626
2249404
91763
551754
1363506
1227777
2414736
2361481
1092552
1346554
1785982
898008
1679639
1973044
1756148
590985
158766
1545936
210954
2389723
276935
4041767
2321942
37282
580263
1145320
2167506
249731
278377
242711
508988
1882660
3152237
4076141
1363185
1114822
1002178
443466
774619
1815527
2724642
1526661
312752
555951
140895
251115
153152
57447
58783
978285
2344033
366983
240622
100217
69073
265271
1088510
1787932
1473238
2986823
3235889
4354295
261755
249047
1041553
289514
281776
77624
498177
1121387
376021
235349
1420621
44084
1009644
1105615
1408885
545784
1196801
994830
1123686
1184858
130849
510865
457678
950692
1822141
2675526
1107229
1443709
2051470
1742589
900020
78755
1057523
1743720
213189
100455
679820
549020
1327665
1191626
75787
213393
513530
1675939
847405
2044684
3998360
73573
264017
152508
414428
2171530
2366161
732948
127335
1893475
1460490
2108555
1255502
844234
1382910
1940433
6170605
5870053
5385588
2940514
2463314
355829
494788
1622354
1809883
1070601
540789
77134
422658
332
2887895
127475
36954
92789
1331228
1303632
1048968
429816
400899
598557
1586382
576755
450985
479948
282584
99549
913041
2164592
2390039
240781
1148541
2405538
109097
913260
677581
1423979
577994
531851
1613422
2061314
1619290
2111010
2609194
521265
171542
16941
45641
783834
933820
940035
1988040
591597
1022116
331640
1486146
262521
812087
1675615
66772
341485
1227134
444490
245139
307912
1645432
4769916
3854249
3160008
2649061
1332519
1428695
1745651
169844
291436
3679636
1650325
1423055
390362
1356877
2076960
1927524
146375
448515
1618488
626484
4174421
4175311
4054363
861612
2982792
3093013
2943661
2406506
472686
2072444
1821936
1504714
370043
859675
33408
704419
1590236
1780858
1307991
572560
757523
221722
1774536
2398093
3445789
5565204
5069927
2842278
707819
483190
1033640
747372
2460890
1384478
828207
124102
732989
1538118
421208
2637112
2821700
4262448
7718978
5040879
1960309
1959452
1286042
734603
529268
1147734
2687467
1999503
190581
1849421
1848613
1814241
1144350
158486
170294
845304
365800
658707
1288
2144
777689
2882245
2970360
353422
765918
2891295
531424
1862923
1484374
1802615
1950617
8394
7568
734276
2625010
2625661
3591529
1608472
858863
687808
333406
297589
411590
508796
735862
540465
342427
3548272
837351
132577
1521653
3835996
3552145
2807052
911800
448316
1352525
633420
1469532
1156613
3263920
1026151
1025389
672307
2026939
1062048
4193467
7358409
2739868
1393200
1749844
2354374
3125817
783739
1544248
187681
1734190
2041289
2418282
452029
288390
2165721
1170810
1178234
1326389
200918
647755
1391920
1634112
942303
1698203
2317742
4305623
7152542
4884990
4867883
3691420
577583
216031
535457
778500
361973
437339
1098998
766922
695168
2818913
2151850
1058012
312274
1490989
79709
358490
570637
1429019
2196186
982969
839502
230292
675702
400550
124431
1315002
1172426
1620746
1288134
320016
1808102
375374
3007641
4375507
2873542
2037102
1796490
1266031
926326
137982
901818
393589
397347
2041788
285164
1380093
943506
307675
436525
401677
825053
482648
541433
1666410
14684
253954
813518
32757
1223585
2891126
4594342
722011
1591046
5063627
2673754
864151
206560
1399009
1224377
443097
332610
82960
984398
874321
45030
12829
2505426
2729283
274671
89568
1319442
1849898
544499
206728
668111
1349117
2186381
1272715
895662
1524590
1668669
1842155
2169071
1979014
849671
358182
1154832
2375351
579675
583870
713140
2830774
2955197
3648753
1967229
1702565
1331714
1232788
713142
2603385
1156175
230128
1645595
1173975
1298141
2080675
3666567
2264009
1641887
87992
163958
3172094
281605
282302
839846
3956557
6225957
6314330
2174764
422328
887910
978930
1642953
1642332
695706
544321
75470
155410
951833
952662
76127
235775
237879
30142
146371
2750253
816522
970377
1041545
2367933
2809147
3463868
4102449
4397863
4363640
4362750
786923
1893955
849152
544173
945849
1312829
408296
94376
29567
345195
2483384
2874679
3427087
722762
32759
2407181
2513526
2526112
1494560
1305295
2183586
2166799
1315149
156845
397496
1816193
2489308
908737
413758
3259393
4923388
4768630
3744994
1204384
792379
1512096
3683235
1736132
22264
80777
50678
124890
2055670
1205192
69438
464770
775599
559185
240104
496734
1109657
2172015
2582406
51636
1238276
1038163
2404404
5185094
5106400
1053978
194789
2864014
2826990
2497088
312427
1276128
1206422
649560
485114
58746
351653
458002
99004
1992643
847623
688755
424321
209324
1405190
1939628
1942376
21171
1138542
2048083
1292016
905982
1811175
1693689
381475
5966230
8298457
378922
15979
820990
2251897
2286595
2898071
2417158
976677
619748
1124979
211244
3606367
4271447
1098517
599204
375207
931974
250530
637621
89086
1090936
99756
493499
494133
1248278
1895412
8558
147619
1674317
499915
108934
1629616
3620585
1829988
768188
598577
185205
723191
700088
1259738
1170978
452836
4169097
339546
3418838
2961992
1187432
574501
1215837
2361835
629127
639068
903571
778339
1093511
1232677
220128
72307
56903
425718
1422473
3688021
4951532
1268931
254338
18077
445093
419261
585322
4136183
2221084
2055183
1170818
969414
1750169
2838842
3107540
6498302
9243563
8590793
5966573
5534234
3771638
3613970
902584
1207753
1455370
3630232
2593548
1269524
1528912
662139
591623
777690
1453550
145081
2487841
658595
914061
619778
138579
338257
279354
2783353
938130
1037671
2406338
3089127
2366326
1087492
91495
45835
244973
2460675
1671256
252236
1237966
1759531
193172
1071404
2194998
2116831
1725292
738310
825939
675705
893032
505930
109250
24690
1732418
2277038
1331016
1123787
27437
5324
360366
482555
1222138
2159333
40664
202207
199505
1232555
2667612
4973899
6681142
6845912
5787425
4498638
3450998
3268589
279828
1201635
552722
721496
1378677
54665
3856343
1374848
4183143
4153827
1332684
1081566
973970
1333969
870487
574554
1703279
2582082
3050599
2461238
2274121
1334914
1081085
4442349
332926
58900
248208
1074898
497489
1633822
97975
3112381
2209144
1502318
1282169
640903
290994
1237624
1342523
720767
153147
1698777
263531
1503583
2192465
4562221
914376
1061083
4136981
834019
2073168
1649624
4291424
4661957
727484
1178724
2653494
690685
1584269
878398
39375
560953
3535031
8927733
8982625
714105
1472431
1363988
101826
1334927
147868
1028298
616372
583522
117325
216638
569831
1935108
3122069
1869599
386194
3678024
3309592
36951
47447
462519
112462
1336883
149008
42461
702485
701516
627451
648538
216895
191515
1356399
1778791
1885411
302738
496896
279031
5519528
6686631
8541383
9141870
9359089
10404756
1131442
418143
193571
229005
4219932
4812196
4024082
3798411
1601779
1593857
464131
1296852
2374992
2916320
1441917
2571580
4097612
3620734
3213243
2690700
1374390
924060
959464
611473
481344
1215404
1465975
2714158
2656633
284021
486718
396676
51960
628249
315984
1784548
1433739
1094645
1038320
939294
2023568
471555
696194
1597824
1798747
62935
260953
173478
773814
287896
799471
693448
850691
2648734
3688506
1812951
200437
2243829
454777
2869
729012
26628
3177898
3379464
5763166
11304552
10432250
6999812
1969756
1392814
1162460
2082131
3292805
2482195
360851
713943
678769
267887
326355
643305
442348
30658
1123205
1622359
2106496
820782
76655
254209
1690280
2015156
2998608
3508247
2242062
1300072
822957
530907
1630753
882640
563878
768336
81662
22954
420874
661660
1704658
3912823
7165290
5612166
4536568
381262
1552803
672313
424427
2605646
2630980
3478549
3971245
4562709
4187500
207464
1057687
1209544
434112
1738667
397804
3302482
3755833
1986459
1782635
1417916
801864
801088
716044
4141991
4871590
6001096
4453466
830793
1167634
924015
196075
851005
1527607
338575
1461941
112483
339056
530618
423890
49471
160255
788662
843297
310977
586940
1177885
1217399
2420
184138
66491
1847644
3021842
1479753
648907
292747
1743712
2060982
1736130
1025735
338524
978285
1998624
6576899
115564
755253
1591475
226737
464772
503180
304590
204471
34859
1307931
992325
953761
794477
234481
933256
1232244
4091961
2363740
1655118
528359
812710
976854
2509401
3123513
3174282
1572815
543648
669731
1083619
1141934
511785
102481
888787
124391
35421
662126
305326
1645182
500931
4300469
3319276
2710385
738803
1295669
1616228
1020454
721212
514000
360379
2775920
3276037
3299922
4259003
2929380
2632119
1106419
269086
612799
140404
45999
186552
1569906
1541830
648867
54383
1550540
1689495
897439
1373700
1685615
1812111
597597
1637866
8872
589685
730248
348826
280284
55889
90861
1141124
236218
509797
3313618
4405852
5909912
4775085
2642930
806422
234320
709430
15241
360171
584556
341165
4191
1109648
1377330
35016
1306703
36878
2652356
3209692
3290561
673099
1023795
80361
1181946
1333965
1898475
372146
660767
149279
781240
740098
518525
2140183
1463841
126801
1099325
879627
2810112
1366360
394093
492529
1694745
902283
1011859
1179040
3674958
2969399
2474448
1720157
1873785
1684548
1539892
197688
382152
41963
315787
5141580
1636235
1502431
2923250
4337256
4497342
2945034
2656054
846440
690387
76334
1206316
487043
1991107
405870
554833
1106981
158481
378986
291994
45830
3086399
3239064
6442246
6694863
6149321
4006598
2523991
226419
1602984
2153404
1930001
837406
144278
1104161
1133695
1609451
791576
154695
1563200
1574255
1057352
250613
220596
2917753
3371417
942134
409258
2022578
3447908
2604671
928584
697007
721857
1822807
2458142
3530786
3782753
3624860
1330256
1424341
1499180
1690291
5663478
6532189
6683241
3662926
3658333
3507
2109109
897887
2150877
2679559
3840688
4892410
4839637
3862319
3457900
970393
643325
61660
114085
1907664
1803725
390574
14529
1030508
259476
149736
1398767
703743
61108
289676
1456131
1796322
1730315
2569976
2655085
2302985
695546
1197305
1216319
2480415
2899842
1485753
286932
5471931
5071866
4419480
1727904
1255534
1517844
1294834
1107235
139598
207853
859991
1828132
2668743
619544
185585
4292716
5387240
6689858
6887394
5342014
693932
350675
109905
68422
1300720
1854740
4484906
5636528
8524430
7918129
3562312
2310646
1953709
344711
239483
1497928
1681748
798711
45973
1574422
835308
276602
562894
570314
567413
521002
636758
477576
126253
1008412
1987833
777858
11336
350356
459451
582579
711691
4440867
4005762
4004899
3158912
2867731
2798499
2167663
1888959
2305559
538043
2715540
2714682
2609798
732721
322325
72137
72787
1201151
2949382
4810915
4586111
2080185
589439
413137
319695
1059298
2063003
1267388
341184
275636
1295243
1200078
1248116
1688248
1719933
873395
813594
1025899
777847
1659957
1815526
1944634
53098
923138
1392071
1221812
706202
1476955
566923
1178885
203018
16784
55196
551595
1318806
285802
4114399
4915157
1570202
533280
510286
84679
321
3125576
569025
659170
210793
2355189
301300
4272543
2033869
1726290
1531021
799958
343576
336959
1098513
2612802
125557
25011
973287
157995
2320331
2256424
570163
951010
2193157
2677620
2504464
1781320
272632
220933
2219972
419174
816712
585322
1819793
1046041
435772
702049
159764
150249
1757643
2608234
1463313
3475330
3450637
118748
175094
643743
961187
2220757
395215
2498841
415709
1395964
1486878
2866756
3451122
2794303
1016279
603778
39695
1325260
1286044
346320
891285
2330975
2397624
3191131
4273995
5040875
5445626
699425
275492
474731
1148711
559349
1895247
1966415
2658745
513830
2073572
2528349
672955
436211
1011530
540145
327606
4038215
3921384
3446364
2975696
282582
725405
656171
571444
2154587
4897083
5599413
6128578
6426008
3905084
2795920
301452
362295
2118437
2661274
4927272
3403355
3204920
3204093
2584347
2191546
362787
1062787
716866
314354
335506
854504
22429
1815687
2377778
1248763
817468
53643
1770648
3937976
135400
656437
109089
2209944
1094966
42765
1307015
1066406
2458817
1251178
2287885
2571272
3255046
1929628
35373
1623654
283217
761550
3598515
4388829
68430
3428852
370048
5404672
7194820
7435689
9103464
12473569
3737860
1612354
1018262
1012987
1896869
1059270
1137733
597433
1252960
1183996
4419517
6108895
5156106
1904291
580108
3737724
6611962
8293979
6261240
6047409
5321037
4471887
512871
138737
196190
197052
140397
154440
591613
2118917
68270
472506
2151034
2967459
3051632
208826
597748
9363
882611
1073172
279181
1600897
1581048
1240364
598001
2006115
1145322
260793
123776
371825
1068828
130078
3486624
2368099
1482596
2282073
1815853
926490
167195
18748
105651
407483
957465
195569
681507
1494378
4077926
188432
5234689
6171838
2191065
1656250
225776
207377
625827
1938175
3224213
3678510
575764
203981
3956725
1307821
2065814
2892034
1101423
1306441
488817
338418
209792
383768
314254
315179
735658
3592164
3781784
4103616
1929113
1009116
615831
109735
338896
1170489
381206
3135985
540643
763971
895012
838354
702656
190956
188449
911244
252565
331314
247786
1625426
418133
1844574
1822472
696680
542515
434761
684057
1485832
34735
342607
459770
2008858
4665342
7230644
6462156
3786149
60845
546113
958437
721214
177524
3144823
2000474
996712
127002
1442423
98124
1361080
220210
245867
3235762
3136263
998940
202035
693127
804000
113454
3303298
1821019
1842589
1360119
504632
1427424
856127
4182653
5645250
4415049
2094485
600340
103613
339864
244490
3291610
2430011
875000
1315730
1245054
528191
3026607
3292972
826594
278227
1857573
1724081
1931903
1499986
1163235
2437170
362301
160653
786573
1133533
1201151
1160492
378433
89403
198978
2785263
1211321
1227599
138793
258041
917218
1571967
2339041
2429093
3002637
3386570
2520442
1759697
611466
329122
515865
3529162
7004975
6354545
2903397
210281
435726
573435
1082224
678760
1137736
1281517
1587502
830467
3977215
5184024
1141123
1934137
3351855
1292008
1537467
3674152
3474847
1737627
1293776
586128
2569172
550150
416204
1287650
1334695
1811814
922042
3658766
4245709
4315211
4157217
1466202
79882
2840747
5777411
6322876
8792318
7727341
6855278
6416937
4474595
2893391
2262044
1627426
148958
13399
2857237
3416579
4033429
4384712
4118757
424102
1284743
104739
810932
1865902
1452588
4080982
3481570
1477119
164287
146699
123453
729031
3002151
3558270
4648698
4398722
1152393
628713
558210
251748
1630583
3168377
3174671
5326841
5480152
4610966
3954815
2289508
2273489
2291595
4908504
3485914
3268279
2199619
783666
942785
2456209
2979562
2698283
2704869
2399960
997052
908643
939721
891790
1980639
1979749
697169
46319
88655
59707
1518502
2678264
7398319
6634325
5525412
4838349
3088017
3559535
2876042
2753233
739366
448161
990870
991694
274326
306119
48579
665851
718791
818995
2837546
645680
2591443
1620984
1960309
3031532
885334
652782
2211715
1992567
178571
93615
364231
122976
109895
1098801
91015
959695
3524800
1877269
319763
1507396
2678274
225987
4069557
5505336
2240288
3145209
2806413
229854
508667
709265
2878866
61353
748527
249178
317665
75853
2381647
3852902
1027671
788022
1750650
1815203
278257
1616589
257279
656478
3300051
5534112
3142078
68580
2191666
1776008
1760021
1484042
388527
289039
446954
1032990
1052934
693456
1371576
803194
72788
880160
3259073
3405767
2219951
1744041
631486
441379
122492
1095443
472677
715564
312272
3654613
2400377
218989
262075
980324
1236809
510270
200977
879845
245648
1072273
665738
19489
1448389
796212
1262151
1731938
1733061
1225589
220332
1087850
1459520
2632369
3836813
3671085
3511157
35014
43729
1271015
2291757
2332893
993354
2001649
3199897
3131430
2900817
252314
1348972
1505197
1393040
1873619
855147
1938340
2771224
567718
119587
507537
614210
1379314
4148730
1757506
517937
447989
55037
2959873
2263335
1571365
1019849
996874
504156
116834
3764896
2531247
1313804
925200
1931953
2794682
125719
292309
793897
468616
3827614
1074315
281935
1361078
1905907
1503571
1016056
803034
28084
1198244
1292490
148749
83759
2339689
4324668
185355
352904
1744196
186725
959572
44719
854678
713133
735389
972631
224323
118398
136200
6661776
7179995
6956301
6926770
6187971
1530051
258207
1178193
676834
60845
413460
90691
253987
660344
761881
5105
946660
281774
1134824
755183
174466
2558851
771726
2194607
742676
536421
376829
1284677
1513998
2885732
5281936
521751
1004265
2053378
984911
4266256
3847634
635671
714752
1135532
953763
1614288
1285710
2018766
1315797
702656
788026
757848
697034
1289917
13227
365359
1396382
3737577
501896
77459
106382
433542
594694
114896
2140553
2338076
332117
2762181
2590452
2383753
1258975
607439
784465
2167012
2167817
970867
391676
1580879
3539065
3745965
962961
1699010
1334038
1009394
1430697
2570863
1204870
508354
449447
369228
954084
285809
465577
890653
4006424
5211984
6122926
7560975
7908856
5101459
1513591
405555
150725
1432346
701088
185755
682323
1740442
1970298
1955612
1008473
1502486
3082044
3029112
2166837
4384309
5700394
6411964
6066132
2173961
1288939
656259
514238
492246
72455
1305724
1306443
186335
35508
320011
1871926
1712089
748944
521615
625566
1024595
1563606
1919926
2332601
68350
579916
3693752
362400
470427
779472
1801491
1703857
1474367
1585925
26139
563860
253213
143463
1543602
4549641
975861
487535
320185
589302
1209141
1036787
322194
407086
1001617
3742414
3279254
1310577
5515012
7252145
5552458
4745601
4378577
3235519
1976107
206086
329246
2413600
3050417
2085573
1940283
1687388
272738
605819
1416019
914386
727024
229500
57780
1479863
2392306
301938
2164108
2403435
2238855
788975
2696813
4048426
5534687
3560982
3063974
75862
50012
306792
1359272
1030183
590001
2077444
3313617
4060548
598549
712492
2903229
232068
597799
295974
310492
2199610
5691010
5741747
4425697
3347356
333570
658438
619867
974525
1952708
1963024
4759109
796893
1518755
1390134
2357933
1375934
3547619
3671146
4962774
321627
1240526
3382598
3614226
3503533
3076240
1376179
2269143
751929
165633
164796
1288242
2165269
189424
370203
50679
125227
326961
586301
813065
1825205
2071310
397483
396609
5883202
4670189
4422632
2628564
793566
893781
1967886
974212
1799494
3005068
1194219
18401
607116
65646
1068184
894203
2704614
4124067
3005072
2449111
1217298
1332995
973120
3414158
3994643
4994888
2279242
3844560
1840903
1809886
692328
1161574
2715387
3116412
2654425
141325
210397
458679
1379811
1757111
1110293
2863369
2864119
535793
1254244
1682708
618244
1259092
1994020
1320740
403131
826909
2036940
1718750
741872
188166
342947
4129565
1264259
793784
1066559
352781
2667774
4723597
6145887
3445635
3559085
2352121
3911250
4350490
7843907
9513495
9092818
5880059
4610963
1722286
685224
617508
602130
202437
128392
315594
918187
1416763
1161622
325661
1701891
549174
811102
72940
199309
3379146
508513
47290
428947
520522
1146765
425719
749284
262873
1063983
1622996
82469
705549
706349
875653
244781
520931
588395
84245
182681
482524
1877821
1312835
691682
1346877
47289
126682
542727
412161
2188313
1075598
1700301
1706341
2766864
849178
966189
456054
568545
214986
1863780
4713606
4529790
4343928
4177173
3276835
2736370
309531
873392
785552
284828
76652
933454
1519554
342930
866756
1202920
1144828
1744363
1726774
73425
76986
354454
2164115
314706
160739
1652089
1221330
298389
620838
1067049
935042
790605
1255425
660371
160258
710531
3931231
2713132
678762
132328
499900
146071
3725995
1275223
1275914
1648505
191932
3641987
4976984
3240852
1682889
28389
620779
626313
856450
452668
483502
157677
60522
2675608
3062441
3861828
3284753
1656734
1943339
1445814
634058
1105612
929071
657468
2627438
685129
485105
395708
419741
1302666
1319255
1322796
1693325
1237793
256269
484169
1230555
546590
278386
375697
268380
436375
2064860
4031931
457034
1052679
7202079
7175137
2261104
1351567
845959
1966262
1128535
104104
680376
3335094
838571
206410
743311
598726
590979
173672
994105
337588
1467103
472723
295161
4684200
155572
1404006
1697719
2539963
5367024
8944827
9029569
3516162
448444
911481
236591
223165
2238769
2711347
2936312
3711593
2331949
541920
152876
480586
658979
1043812
39694
358251
3659790
3198293
446624
16950
348570
370298
1257468
3191453
3192365
3316686
3641704
4946789
3944300
1388845
474464
1741898
1977352
1887407
984585
813352
2021608
2694409
742515
12649
2682953
511475
1715954
1547732
2560949
755907
1046232
1084148
1320096
82448
1812943
2479614
19535
884046
275887
1593787
31462
332
2127795
1148026
372747
2036939
4753938
5102197
5351865
2781845
971837
2397955
1346722
437022
1286036
845835
116351
540704
766166
2163345
902769
359721
1014763
634703
1147409
1255222
1471536
800937
2246087
312921
410392
112800
484460
665711
340831
2077323
2845788
2394180
1139834
354721
736209
3599905
1123628
464866
269825
1419657
483042
1314702
1823430
3025403
760751
209961
46184
23557
1345872
509636
1614452
322114
322949
2244447
1159684
697801
859991
3273274
3593935
354954
108543
475217
34379
1822038
398299
1220351
537284
649226
310822
160893
537723
536873
2719585
459958
706712
1794544
1388844
637500
1912515
2311125
1080340
1966094
585969
152638
3877059
6924838
3420466
605878
268378
1417558
1494928
123937
1576362
2124088
1235856
515864
3780654
5213559
4355692
3643327
2264969
4165548
1325780
401981
375529
1895408
113427
356179
91820
724931
392481
301293
302162
523029
2275782
1031539
1146602
1761140
3040401
286621
105216
472564
697480
938571
800127
1669027
2315305
1330423
794481
728468
4934534
4899352
3812251
945504
169570
637456
29373
149607
919896
2535278
740925
17261
93304
223830
4340804
4032664
2015483
2000798
51154
256379
329543
5174889
5874079
5732590
5607327
3446926
1077697
537392
2186710
872900
469771
279022
254332
275480
628583
437399
824165
165743
1211961
754450
857571
588396
228509
3543584
48742
507537
562247
876620
652643
131006
560603
400333
85698
1370123
985060
2831372
3168234
137653
2273216
2272380
105206
1643118
836746
2194768
1755502
1183991
516585
2176480
2695541
2542069
1295729
299042
396325
2312471
2429736
815624
507951
548202
1406860
1424633
1425479
441437
217289
1935441
868954
3391412
3170324
480263
758977
309684
717007
742505
3725619
174286
1155327
1807937
2364709
1959808
878881
742517
1367212
312818
854420
1005234
1820083
2610770
290281
1133364
5046368
1158138
3288927
3289766
3713518
4306106
2893718
2177835
275956
2756854
2607264
265079
1045416
2940071
1353665
509473
58262
2381647
4299975
3673344
2392193
564351
1241294
927296
157673
148055
4272053
2413288
1788262
70531
1698203
54218
1305885
3033301
3406897
5324446
7458002
6370977
5232601
149287
1968998
430247
780107
477105
659721
693662
340030
1087537
88279
2794356
4394230
266777
97756
916636
431526
1192446
661933
293225
434594
1061523
1454527
1119016
342131
341239
951978
1066962
2884679
2087649
70299
1178718
1309817
717503
118621
160892
376978
1695944
1113368
630423
481405
668842
1471219
157907
391916
21459
1721923
2076477
3151755
1479379
1124138
726054
1191526
2122804
1455645
1583134
1700295
2335329
4324371
5123661
676347
284193
568636
64425
1385285
1576843
1785185
2703276
4841257
4840412
3191463
2141485
1813761
2469047
574065
518674
1115780
707978
707117
226067
712491
1030513
1027351
1172101
2747497
1121853
554508
401034
577415
4382771
5918137
3424531
3001839
827079
383282
382759
415389
3227280
3418041
3291035
2616786
1289069
1448249
716685
83413
291608
869996
2044369
349555
206279
1419346
946053
589149
81339
548042
1471464
4572880
2688782
1373113
1292499
946664
671026
63909
3377364
4688995
5082358
4950511
773652
1723388
643961
626967
1891048
614542
689743
688894
398564
29078
2653087
3162405
1831512
431690
2198910
5145126
6832032
8974843
8908364
6942750
6257652
5487324
2951975
1917677
2067513
604374
656977
1158061
2142968
368599
960046
1591526
1678685
1199224
625621
844671
1302457
692000
1331545
858870
307690
270800
545690
317
2353415
579842
2257706
2593233
1680862
2158144
7578
4141949
4523497
3950919
3698198
298295
931007
379401
318746
6733913
6439242
2714648
1086740
322929
1077210
1631552
2889467
384412
379564
33076
2361477
2442165
864844
1512744
1541501
2092933
2146065
2618309
835631
722981
1729347
1321386
71229
141850
122166
417495
845475
7477
1817313
1807145
1722284
266216
1604114
1823119
1231005
4496214
5778865
7212730
7584549
8515725
4778802
4117949
2015323
2722642
5217439
8365756
3625692
1789257
1781597
615303
357301
239818
73594
30183
339862
1571679
2284495
2564167
3546651
4435225
3948823
786576
1261019
2272885
1797288
2351925
2288867
69883
1949028
4157638
3790830
289189
745343
850475
864898
1493091
817710
937401
938102
1472726
1486961
343902
36791
3964626
3477101
2661167
2409847
112487
1110240
1099325
1727412
2883539
299034
1638017
1152422
909381
303883
341663
1154841
1070762
848542
1081564
1804633
1310708
630683
605862
935353
2324114
1793406
1767511
2128633
2355595
4229381
5027085
3881761
599371
261925
82636
809801
1203244
431204
673919
1913266
1723385
368736
186234
1073185
291636
4801709
5071544
2951814
1950447
1287497
237491
441891
310305
1361238
3655911
2783493
132822
498973
337450
164935
1300084
1165777
403445
710232
398485
735890
1004263
3968663
4608877
5318285
5396402
1379119
421682
328529
2372239
928807
904275
1360433
2868530
4694883
1386263
290006
1358654
577323
1158186
1097875
3862862
6187481
5332010
1739350
710692
1221236
2222204
1690405
1344301
600825
1215
245957
113446
2242137
4876909
5841318
3496957
1184374
752029
1464091
36029
500694
76496
420553
582159
693444
236141
1186567
1081083
1888954
2509782
37437
1314609
813230
2646793
6768285
7489978
9978303
13265459
8168234
7461293
6604492
6400346
3744073
3011359
213708
2144416
704742
3088960
2263846
907598
1813768
68878
981797
1039932
2844166
3512280
3866204
4324023
1487125
367783
246262
2466378
1593465
2874503
5661711
5648962
3135301
1788746
537080
1629461
972483
546814
1475343
2416
946169
1096585
511742
232072
287412
424271
4023853
4491106
6387042
2606942
2310488
1453560
2483639
2248186
507052
256440
906633
1177749
1159834
381509
218987
1048642
1437108
1179740
81491
3214700
2727171
1567163
985066
2401066
2188889
25990
1747108
1598152
430559
1166940
2555862
3395114
2999261
492698
448915
1167863
3007943
658727
593730
2584511
119160
558518
298710
1655595
2492841
1641841
22913
748315
1085438
1334200
177197
1025039
176879
176104
80854
674735
159278
189134
3696894
329222
229800
1492291
1410193
365489
527020
716361
1246240
1630743
1974642
2098157
1631873
116681
941863
2334884
3190000
5308923
5769987
3303301
2542923
2038704
598232
1270253
1490825
2018617
4270118
5476088
6458921
73907
181717
464782
268383
1452986
789621
3231
694417
154923
1969963
3187577
3847865
1575722
98276
417166
625805
1943350
476884
447351
158634
248207
25331
161859
3183385
2159759
76286
348541
35543
239048
216083
61157
189290
729596
164118
171616
1014755
1434874
696358
29534
1369720
795766
14199
3621051
1386263
418132
1607506
1881530
2169692
1239727
823002
56066
583807
512862
1943014
1140015
569865
1901932
3499073
3748710
2402476
511883
118970
6516207
6993214
4438287
480588
624702
262760
497375
424310
1048334
2742259
2246261
441852
752027
3211624
4357589
4853678
1334635
681019
2674146
113617
1012174
326803
320668
185111
2009510
3319591
2586125
43406
453955
35337
1022938
548535
832880
1346391
271284
26461
1502122
825751
690066
24844
480101
870640
329538
1450800
329691
1355924
809965
196889
1639300
1742903
264014
973818
3962400
3140951
1199383
42609
1117781
2161374
403591
857249
2245441
3161770
333208
2531891
3320477
6143904
6458447
2982153
2797211
704776
167357
1442174
1400574
1651291
1856518
1455335
31628
89703
103288
289373
195656
408450
1195171
689744
191887
477035
866767
11054
649531
1282645
2509298
1025769
180429
39544
2753799
1761546
1340916
384285
440573
519167
3727235
5337500
4244630
1813436
1088355
572022
52122
2912172
1635594
3455631
512064
162023
1912039
287098
349718
674133
463637
1936731
409254
707820
928881
266767
556887
2905971
5156258
3928808
888080
117546
1167358
238849
1663504
3922988
5019413
970537
1714669
1365607
194147
872156
1367811
883063
419555
1069142
1212285
1352608
867340
1052518
1210185
6751019
4175561
2601133
1382228
715815
1334771
2785256
681835
568216
1899683
2063728
2865305
5154969
6676620
6171355
1332188
1360591
1361415
2611672
618053
1200988
1594271
1595122
114746
2561108
1724171
2203813
1858995
476076
347616
488869
2772523
3019423
5078880
4848516
299839
326235
503566
523356
662626
285961
728626
1240850
1137739
1016750
2208
892106
2462497
3050409
3494686
4660073
1893688
122755
223719
335181
441045
237761
628304
535302
214469
1229230
1569146
518758
810853
1508331
2544802
301491
66976
51642
858054
2595229
1936801
1272409
2686655
2713122
317247
115231
437191
879355
4418427
4869022
1150644
924713
113204
191236
63966
769142
2188151
1423384
854827
156545
559982
1380282
799553
91990
2899
595343
195758
237503
772619
1568128
3085990
4121488
4237522
4951293
4918231
156630
223829
1468072
118618
9848
2849984
957958
932299
265141
500595
1406585
1184687
5104777
5105526
1986596
422349
207349
210532
1032347
1580718
2619522
2721112
2721907
1228437
2474969
37509
6580289
6397605
1421283
436698
1145477
2287564
2879185
2874695
170606
729735
1442099
30182
1733382
3023617
4854162
2376977
1318215
108130
823529
921154
1375668
365011
1526340
261765
764947
81977
825455
1563776
878398
604525
791419
1861033
1674003
1227142
2019026
1082384
96177
558695
1185768
2036616
2387940
2455727
942301
247714
366168
1196803
587106
585981
392588
1472589
1246015
4027574
70678
71379
754446
604431
84568
602556
577494
462842
2491685
213179
946756
881778
919218
604205
218106
5646458
3246171
1179371
1542790
263044
3218461
3637185
3561192
1983698
2053394
39696
1475657
1240860
31591
370348
641802
367146
1757193
2230038
3170974
3215744
2277938
1969431
1788142
189763
1127186
2139422
549666
25979
974503
2603523
2529478
1535219
1356083
347459
835301
213665
1697234
2984557
2536260
399895
1329965
595058
2096509
2105141
2310082
1861849
152830
1232298
96824
95890
713781
98447
1135951
1204388
294610
3069061
3843525
91992
738957
1630259
1851835
6755863
1848311
2560455
3551665
3370756
109086
1439121
2991278
1757597
1337525
917936
125228
134423
386454
1129337
1904307
1656088
395182
271449
239459
801260
457830
149755
1003146
166226
2993921
1099975
2404533
3171127
2298536
3308036
4126338
1016600
318177
714526
64073
2981499
4429898
423619
5240013
4409724
2759935
251749
23779
294837
349717
238073
531742
2297042
1781641
639232
876622
1053324
155242
1638746
1883141
1974664
1196964
76651
94241
278064
3049276
2603871
798839
235458
475906
233997
691349
639734
917802
1298403
681353
3022648
4010063
5861018
5224188
515936
5061671
5238886
3914027
2671172
442178
576225
601292
872687
1308788
3308614
3100133
727989
1478223
2091324
2258190
164454
1007654
1103516
197210
1853448
5684717
3204039
413451
640685
238677
1121043
128131
1225195
1488771
49839
3660067
2315988
1902957
59933
1182275
2511075
295898
435228
1084705
443536
498195
2138131
673603
1395292
875805
785377
845817
1182171
36171
2640991
2641820
2815649
2914862
1557097
1571676
1856864
3426262
3942079
2621789
1186150
697975
91981
757947
2745397
3988839
395540
3010064
4440538
1790841
512725
3402871
3304106
3259083
2907435
2818998
1866856
1180815
421820
1019636
153478
662786
4520269
4437483
3737514
1213588
640838
1125033
385368
1041218
391341
470578
768252
535304
400552
374959
2784300
2406025
1064603
127191
1163225
233998
361973
672291
2313870
650900
225100
641270
3309259
3350099
1751636
38735
6108044
1760018
954720
470751
629889
254178
197041
712331
1089313
1520359
1712078
489690
187853
20661
1135317
168987
1826800
403458
734611
1161771
1280397
1101265
383655
975863
1569098
2556786
1234891
950646
1492923
509311
640191
2186736
2393589
2498818
935688
700867
487676
55682
133668
463319
875961
200573
617435
5974155
4574854
2929741
2478734
1903687
1442054
1713334
2372299
264230
706206
112477
1129337
1273932
901313
777855
618575
2101
910182
115705
709783
1574108
136847
1564590
1700793
579835
80372
1080147
3167707
4634688
156697
1565867
3935899
2941967
2223824
556282
242460
91023
735839
755103
216410
1849898
549985
198681
1002021
2018065
1453362
2776220
1054229
228358
899064
488505
300810
2415374
624698
21779
3071224
1842160
40987
162667
860646
770110
692165
153512
1301492
2326900
3767060
4251513
3851583
3137560
2208977
327959
40030
541756
2043132
1281400
284250
3311039
3311897
639556
7751
939390
263046
537905
3266654
3343966
3453051
374398
409740
461606
661342
572316
4183453
943419
1252386
1424786
2112425
2515872
57126
1030073
966502
1578781
424609
1586698
2232810
992977
1580876
599729
821444
2144020
3085471
6455425
4309830
3255225
1355981
179451
1111906
304512
1446143
4327107
447666
1286652
294401
239809
897511
2463152
456227
2711125
4864656
3854898
3725149
852675
1201955
1105438
3098348
1709184
1708472
1113528
1826498
46150
3877
479133
583224
609527
855147
3668520
5149974
5038250
1613693
535395
410386
188811
3759519
3520676
3417392
3268278
2699090
399756
1030742
803506
669895
400682
1441327
760429
1157263
472355
654392
1158546
1837146
1826833
1044620
1201450
1620225
477580
1132522
2705386
143139
3252831
407641
2744658
5006886
5233597
3015871
3719974
3721026
2752182
1736668
754135
1033315
1002663
602428
804638
1267856
1746295
255630
5212752
1408254
1017350
1475883
870814
781572
4197497
5321190
2542553
5194506
10637746
12102715
8589635
4732645
42931
1245692
161925
669652
219965
2710386
1313631
1476142
813470
2040327
2845209
1821507
1328791
720890
520452
220280
1694177
323894
1247154
1395474
7096
260626
804959
1934133
2070989
4447798
5603606
4819307
545957
877432
1123688
694416
406835
676399
2220757
421871
1362708
1291207
105857
2390523
2650183
1190822
258426
692328
2918562
2552073
2551276
2506048
4007562
3387378
4013567
4871483
4296594
738157
253524
2040490
1951965
1480993
579521
247077
1569904
1410469
884368
256431
728018
432656
2075186
2422251
3295628
2421679
1730488
105860
606793
338415
347609
145724
549659
650683
752681
12211
621159
667152
1001007
984423
557082
1510355
2189605
2358086
1480990
285683
130712
1074678
2010842
2957623
677607
1283617
235611
1400948
486234
2501184
186389
522225
1453716
168968
248521
1689645
1733867
2499303
1517131
1700782
4057591
3142214
1296213
360570
456869
599503
2434095
2593652
2915698
1267820
51474
1769528
264498
911151
1006849
918930
303714
1330265
616802
3330240
988783
937144
39049
1154359
926487
1367045
631169
495633
209358
1160158
1309972
736052
921834
606462
1877292
1678037
527073
490601
139913
787059
448803
1024017
87195
639302
825032
874202
3680435
4554794
4625487
946170
1360025
2099733
3648727
3674469
1770826
102706
347009
3768967
3265052
316635
315891
569227
137437
63320
73745
1746213
2116581
1101026
435085
343253
466223
1631602
1742103
815774
5042931
3465868
2027426
546
978157
1258075
589041
353264
581755
1677382
2308057
190107
1071882
1937692
2650837
916928
648109
1339099
997786
609852
1664719
688288
781547
169508
227713
64928
492907
645359
1372323
1494542
2070584
6922406
3958241
403033
727015
400389
2094230
2154269
4013525
1403841
1825698
1627524
1727736
2186539
2495098
2502311
945361
179299
1127559
1244068
546717
48366
433308
200755
783014
1097436
1309114
1100619
206723
423003
2581599
316464
695465
1106420
3892974
2146055
901313
471902
1254404
2290302
2364550
3240846
1419990
1688357
1790670
2101815
2147170
1078188
658593
3661401
2514954
284540
1906876
1115817
1090290
2575303
338095
193014
2564593
512697
3023304
1713380
1466628
1173067
55350
1293695
1656079
2110205
4217993
2162328
2135550
174113
368750
31790
285316
1505031
1763079
3916701
3595803
423137
1395773
1430962
438305
667798
533681
317916
1726449
550794
681989
1308024
1793253
1102554
1042677
4774897
7042006
5819868
4985436
66650
1311693
443815
651422
181548
915998
785444
2424
713469
628902
779785
1653498
2620328
3056861
4624832
4715371
4716210
4805581
5104133
5243568
1394837
76176
477526
2181860
3263431
3277289
1509691
427746
651010
97961
497701
555465
612271
671014
840141
1262315
922452
494058
782256
1978204
92476
1482281
1331087
103613
812124
3506046
4337961
790121
514969
90693
128667
926316
369959
1114330
671662
18070
293870
564620
209581
1464427
485426
8826441
8887211
8415344
5311513
3275219
2550944
2416192
1459689
52925
1480822
1572489
209630
382931
1193558
324380
244327
590332
210757
1273969
574518
291610
4020624
4217671
3228740
3183229
996528
44862
497854
321310
287795
1351242
503189
2248516
1642532
3774139
4472123
4474913
4942110
5217586
3486112
86615
9050
209466
178739
775913
43409
2781922
7577927
3928972
3515839
4906441
7605022
8729542
10141955
7423179
20499
436850
2082125
379572
675545
63579
1016837
1461903
297605
2155435
380538
1543921
4114882
3024272
190586
485438
48744
1997724
2007406
1637852
177955
1536778
1930276
430556
1981100
2216366
1033927
1488246
1847324
751874
4178949
4570621
1166775
2663911
310019
1815692
355040
392320
230288
246908
775083
524320
981348
989104
210174
4629352
4467016
810939
46966
407006
134425
662622
426895
438950
1208591
335847
240954
355850
934645
2933415
2728784
1359393
678609
1106419
1904698
3724111
4439405
1451300
7581
439443
963116
384915
11613
434274
2024209
2025047
1979637
428147
428782
1558938
599845
2677939
5125433
2416833
270638
532884
282590
60835
1201796
2253673
2837707
3440787
3441702
2465572
2176967
877755
472529
270954
7421
655684
1222412
1564415
2801889
16949
965052
3221146
619220
460422
325995
358912
64548
47926
1299429
363100
127659
318064
1746291
660809
1271511
729282
88762
951656
127490
323243
665367
1082534
1512784
134748
56158
2202840
3454181
4056137
1286206
1506938
236939
951860
4721434
4660964
3548893
2443598
1837937
1460208
348414
1889275
2072490
1997326
4582875
1092225
177845
1779581
106631
655529
1799558
397322
578661
914053
662654
1294437
246748
832466
2155562
1199587
1393839
2368744
1661727
2267065
2350982
2508748
2108438
1046233
788669
578868
324722
524833
906802
66492
1128865
2673101
2924209
3274724
2679243
490592
404586
511822
3947682
4120591
4247042
5078796
6196355
9465436
9702271
10842345
9228865
8024481
5667736
376666
95279
483563
1265548
1930207
3279086
4511709
4568404
6719712
8579467
8451656
6429235
4981494
1573359
922993
730736
1607779
412758
30817
1146762
1227524
2811775
398120
348873
142010
580804
621742
635997
2265401
1834094
1867104
263210
1584429
1566523
727021
1381897
487
1464210
950466
165099
1674320
2194610
2302518
3140298
5570157
4668862
2945680
1024124
1523977
1157196
846568
291934
1331011
1968192
2234070
3719818
3998683
982315
1204339
861082
417126
625513
43691
308878
829007
920833
3125618
1136109
551859
1068343
1911878
474285
519804
2449509
911965
933107
774621
1714822
2572560
2597091
3744838
5734657
2542889
2532899
1305048
508484
351167
752133
283598
1259732
1194865
207863
2613710
1074304
772523
1277329
900347
34852
977315
5312638
4481700
2509721
1412857
1002811
1227132
367689
1226164
580739
25299
711053
583025
3409489
348587
1328637
61812
3754915
6392919
4851581
1786806
442511
190595
329695
428463
1447580
1509707
2155724
1467105
1950441
577261
333740
17425
594515
1136578
2353669
475590
1354147
1974170
183485
482360
2419609
3074301
1838511
1828122
1082865
1876047
1620424
1088512
5634761
5183907
715402
334545
3429823
2610425
1164365
176778
1701752
1008472
400391
611787
319203
1198418
1566674
1800839
1698532
35339
415075
768327
1018961
671486
545473
516897
853383
1141921
2319130
2196553
691515
1637520
74391
1786009
1865389
1916549
2335123
1666740
193975
1268769
1931720
5103489
3095279
1116110
89734
246103
2651203
1952707
1726289
327761
624215
1554124
1842000
402484
1277328
1053495
134493
274026
326318
1678736
1129023
154283
1344295
4877394
4981646
4992629
4604831
3717078
1757597
280484
2336270
2634052
393442
23575
1083511
420887
743641
2799949
3012806
3473072
2882579
1084158
778018
336643
186558
14519
787854
3399039
3205664
3047223
1469175
322594
2504619
4087123
1319773
708455
429908
1272184
1951040
1066595
384896
438465
176225
445733
1121271
1231335
380053
2929694
2021291
468814
371170
446696
553206
552077
1254813
855787
624836
907154
427976
1544406
1985789
14360
348419
1856358
1003782
905350
2348403
1196271
1251662
1575649
2385360
3698350
3451125
927421
1004266
4157987
2354867
1119321
1953987
1888303
7306811
5335075
3246976
2575864
1812630
1582503
834652
1194475
2374394
1637211
870480
690552
1307498
1481475
601376
1733386
3975439
3462563
2627970
1869325
1248490
501248
4194031
4862867
1081093
3480324
2572406
1116908
1812821
2974880
2526790
1796487
120817
2912280
335208
466548
3590072
325182
3273758
705235
237708
231254
1067530
845641
1446609
2511399
2964440
4669698
1622173
1442550
149076
2615249
1737426
1308104
1122582
1891161
5050072
9049721
8664679
8019158
6804227
4396649
3937362
375491
229738
996270
68588
67721
2183152
1042684
548376
646808
1000239
264984
1782868
1846977
1554314
1354793
924525
1353171
1259253
321795
1820053
96996
2747827
931118
514635
910502
2072280
1955772
1945604
105225
437667
1013636
951018
862464
165230
412969
4982872
6368870
5978985
5543097
1617679
1574270
237716
128294
3392810
3936856
4979871
7615878
89475
466223
287101
1154189
319056
1522576
2658087
3702866
4250950
3620341
494958
965536
2558034
3862969
4440011
4683253
5469014
8173263
8671941
5258098
1956903
522553
954991
1173077
644718
91175
327761
1066236
986670
1765011
2649860
3471120
3430114
3377384
2895556
2017739
55512
5643313
4565452
3331863
1722576
1180500
79750
487364
1945906
3420081
211842
490497
1120784
1019274
197686
565968
40776
232550
274516
4844148
5235978
5290686
3344205
2415787
1973422
1905021
1443341
310018
205304
58423
1178241
1008085
318925
3042981
3089585
3268752
2789464
2570955
480827
1837390
4041445
1126432
2192201
3051058
3493239
4106967
3467907
385378
1660437
159279
630183
4414241
1969626
1748560
1913966
2244643
624373
1119312
22103
2048716
1782282
1681426
680607
2266636
445416
211725
1450480
1822958
839665
397559
2398245
3212729
3643792
2562884
1030257
160265
852246
122168
42286
794307
1927523
749975
788993
170897
1741774
833041
2460723
959733
1324451
153307
1196803
206724
825452
2344688
2365820
562416
578761
57499
918691
805132
33240
941419
1810785
355838
730889
4284323
2476062
40834
1280880
556283
471882
1706109
870008
234813
491730
313831
32122
784245
164615
13723
295652
71058
788186
243516
245235
118789
266428
217214
1558930
1544845
860432
906682
1324334
2029515
4921774
5051142
6189549
5322315
3278770
901315
656984
389595
147980
1873326
4222106
5660938
5184442
119253
743309
1009103
2073568
3077517
126686
209146
707161
1895730
1928004
4177811
5099947
3363011
2013387
948881
1295300
3412059
4844
3075423
3138201
3635010
631647
33074
1026697
2019842
1564104
1495029
506515
710487
429341
475658
1316438
3573763
3964306
3350404
3189509
316319
1373684
2321628
2099080
1684332
45693
1503574
2972109
3755576
5144567
3928002
2321785
1873793
1378691
2516972
1873308
488009
393290
644856
641977
3486466
1644949
1404558
154667
255298
667140
434766
1663551
897267
1343001
1179040
1186302
5033780
1191639
712328
1772124
2263032
1772738
1324774
1994979
2348726
1232630
865973
627615
375700
231431
958442
52775
1531657
1820771
1466792
723958
712026
750906
388853
670671
3254391
127655
1334936
3273446
2691507
2207528
1270229
995505
5472807
6079032
4808010
707488
2872174
1673357
1275919
396345
378926
132169
181225
396677
488337
1610577
1861039
2516089
1069288
1658823
1708173
498660
717814
687162
2929
1371243
778182
294032
301464
19048
903402
2262235
312627
558049
1268767
3702766
2543198
565966
290166
2384510
1898173
799633
2114894
570807
570476
152657
3170313
3760963
5639595
3056112
2945518
1803515
346835
1987566
1183084
1131764
26793
1006203
3506633
1572817
1369951
234710
429821
1104626
2822706
401341
1283281
2675125
2200428
206240
1217959
1513124
2540471
2554320
956927
128615
4854156
4265330
4182542
2811133
2729311
1489751
94778
191306
62573
1418208
2299457
190908
2316465
2991511
2716358
2494882
2291764
454007
161387
389897
1232145
1927567
2188316
2225270
1210195
727040
144591
931492
2848613
1337537
1091101
809008
597600
725311
709745
694701
385380
209791
1649143
1848693
1848470
518390
54542
1704180
1451005
36959
33550
488008
1142998
1121789
1455908
503021
1509712
60619
875976
1489054
1853136
68752
367622
423460
911644
5162295
4252700
3144017
3038473
1887669
1194866
3484525
3995740
568093
340839
366016
5068
291579
4793055
5043022
6399214
167025
1048804
2332910
1322184
4435380
7384909
8275258
374398
698691
1656080
2618711
2619468
8642720
12832154
14193359
14905283
11337458
10141287
9140352
9068932
8804433
497769
1167108
1088357
362602
149227
1138059
65515
860636
1726284
2262064
1017659
3282793
4538978
2250415
1170285
1280547
1281400
3077033
3217919
2961155
2499467
1976755
1641555
60363
724605
369563
549344
2257060
2211049
1111094
710401
177676
2839794
3438368
3506559
5655770
3465180
1111109
1130304
3767051
3899760
3223157
2055183
94243
1324216
128625
88910
88127
229153
4030211
2449920
1332191
1515689
586782
2250929
2373054
492274
539014
1252951
3514546
2463475
91035
1013951
1014710
427169
626645
530498
402005
257235
1748882
24857
38602
942948
2746045
3249230
1705150
826739
2022320
2611292
2619046
1517011
358457
425206
547117
867889
871273
3742254
1874276
177827
1818591
3567145
4888953
4535200
4366634
192211
2952791
872266
862100
663441
553847
27106
986190
2835288
1255385
1251026
197697
1724503
2364056
2843355
1068333
106021
84073
350676
2642611
1729037
1506800
1821978
2066305
4905322
3006922
949556
558163
219312
335032
1486956
1156457
433582
1317988
39855
1282486
1835383
981130
647010
383601
646002
472194
749285
748586
735887
812221
2693433
1704265
820455
772694
251426
257244
747841
494152
447623
1827303
2504754
1506433
2270141
1953514
705559
1752426
746388
124593
1326865
2872898
493666
1904768
1952448
227087
1095597
1413936
4556341
3505994
3254481
2506405
528191
3550523
4564801
5189344
5415434
3678989
3606531
1828166
494788
925751
538206
1157961
1167268
1537864
830940
638038
361005
1091365
1390782
1025091
544818
757085
669278
24184
714428
3158372
781890
585811
89565
972638
1154835
5692334
3026213
745581
505924
852731
882433
86436
90379
182839
2097777
247392
2312739
1044458
2404887
148788
238031
334861
4685
778122
287179
870159
1226163
1032680
524654
3979527
3499055
2332278
212046
473173
204952
2513332
3814162
2022596
1957389
928750
263704
1024874
49872
73593
1692877
3050570
1202447
618572
19048
3708192
3771365
4048542
1226981
86991
1262474
1522724
1511011
1335692
164041
982156
1254725
1373016
1387727
3478317
875012
1383509
429831
176720
299367
3393534
2733625
1769862
210918
314364
1242302
3208891
2955201
3502519
4039118
23557
1913502
894516
1122135
1921389
2003060
1425611
3860371
3554410
893893
156047
514312
1833598
2953191
4033053
6035051
7117838
3149663
2751214
1650271
2317093
1842485
1669485
1214391
355516
382302
1507935
2258352
1933825
1029609
46153
15452
942939
262562
1057680
2015795
1106097
703302
593550
1434183
2313457
1353826
1008139
2042748
3115767
1591178
1590367
462995
483017
355689
235110
807392
542718
371812
1618488
258043
615369
200912
42126
528352
1308464
3416230
3294750
3146437
1446257
1471310
1422691
2426026
2862287
3311792
748293
400059
36470
1131149
1470581
1883638
2432641
1411762
808192
143957
23236
458761
3169794
4032200
933064
1196793
210435
4537526
1500684
540723
1461720
38314
2175884
3229698
3980274
3085274
720560
660874
8548
1498410
1888348
2968127
3338310
3343632
4094052
2153304
384242
460675
1699503
693666
966345
1501624
1479765
262680
332751
1181946
1858129
3110033
3245430
4003042
3650262
2586447
1874921
403610
2104237
593230
1587654
1351893
517552
516820
2359859
4302852
3735476
839656
5369966
4522368
1972558
710127
562942
1803749
1125631
5493
1682386
3625195
4518462
3540046
677083
1117069
1571029
2121982
2796069
39791
2036550
1157587
1882832
588180
128140
1398837
3437233
2165922
1680620
483975
3225523
1436614
318246
4138268
4786535
2931801
133458
556102
2817061
2604521
1322021
2618013
596135
131519
1044284
1019283
423133
2763740
3691260
3622512
1772127
286938
220616
1241505
192532
1008472
3621530
4457981
4357762
3165788
2392793
850790
89238
3343325
1730328
1526181
311619
2110685
3944773
2993131
1518276
650677
989739
81495
695555
199622
1400656
1080697
1032865
169021
341096
1646734
1310718
1452902
794805
674403
5460620
5786448
6186455
4895154
4795421
616319
945162
1647541
1594122
187409
430968
374894
517392
482361
483210
2933081
201521
1048629
380862
82299
1146624
722808
601793
2491731
2241225
1689335
790447
465586
424921
1053158
4022547
4058547
6113113
2071000
100489
98933
832727
748326
770908
549709
1966909
55992
2204461
1974495
1923015
122966
905822
1839082
239966
176912
6172149
6455825
8216517
4656638
827725
318729
539487
621318
91023
1366541
1616218
1719826
2118123
872738
936012
1236339
615028
34220
179943
287796
319365
1409015
287740
3579416
1769544
231007
306951
1872168
318840
11775
238030
343409
1527139
4018203
5331678
4993104
1359465
193009
512179
2622009
3972717
3137080
10335
9646
2118603
2384078
327920
2328581
243689
87796
414902
868940
1556947
1251587
858387
51889
2710696
3766589
3233100
2014032
753482
754304
1733382
3635896
5121407
4308534
211477
15652
4863940
3709313
1171790
152834
132704
711356
405879
486
435409
33412
560791
275643
801891
1806483
3007168
2438318
1699979
1699285
937786
896515
3112138
2544006
1021893
673110
1200439
1072702
45019
238996
1076812
259657
1066234
551480
242722
814161
1131604
371951
3789375
187437
2203807
703607
422324
879479
2820449
1712249
1226820
716533
176552
696998
540361
27107
1017658
1505188
2859973
7146089
6524936
2218826
1627073
568067
1300397
1424497
3169820
3331130
947316
757043
434925
311308
453745
488657
296298
662783
1243428
1745039
2785507
3780650
3824064
4341299
950203
116189
1904927
1261193
1071570
1156070
1156956
1692927
1923648
399907
1197435
1215189
19038
645950
1713641
2653410
3305386
3622177
3158361
587255
1025596
1999821
534808
1160285
435087
287584
1483241
3902493
5140443
3456129
1639617
665850
931220
1691500
428409
390374
269511
2057108
2207517
4361619
5029424
760654
363578
439107
2371872
58512
489459
109416
2152534
539343
1033145
150091
838205
2228658
2460562
1194674
1506491
579844
481916
4419612
3062521
1257950
928586
374754
634866
2327741
5473871
1486640
521879
421527
1485247
2556261
5545568
5034102
2040979
2549323
3517612
3293293
1295246
629217
2086641
909385
93649
1005072
1071238
1616171
1600766
573653
416253
190799
2553352
404252
719923
795289
1088029
725828
507975
1454325
1618778
1457897
760941
2377415
2203169
1103672
1622
5343471
737030
1110613
1749148
3113299
3065749
474935
1983897
42762
419269
165894
643817
1399401
1804466
1794059
2647116
959563
1083194
1133821
1844100
1510529
276936
933258
128818
677953
2103586
1508271
1147745
38698
22869
942656
1040323
1135465
2293371
7465773
10249009
10157445
6194428
4523013
237384
552253
645803
1397834
164454
543825
4701351
4488959
2941161
437657
1844412
3651236
3495183
1176463
250791
201347
123299
517067
242884
2704909
324970
510376
265701
3147235
5559226
5920469
2352771
607120
471994
1179846
177931
607431
471386
2169270
782821
1432889
3372041
777685
1234716
133144
727026
1984166
1518431
61255
1280869
1323150
1045399
371011
642945
982477
3156606
255583
937955
733146
356643
6631132
7333441
9605043
9207566
7036190
2782367
809816
587256
1805432
1806033
1847316
2079382
938082
487251
195811
414265
1448866
2606931
1430157
1497885
313879
1340433
1209932
1790576
1499230
1820986
42274
1108030
1302170
3545844
910244
470902
591948
1092385
886462
271115
68219
620192
2557239
103668
1898423
2341300
2090367
2572405
1652700
876084
744281
868704
1295405
773328
742356
166538
594138
1886209
2037906
551061
383606
2291596
3986988
377785
988612
1143065
911805
4387279
85849
1191628
3245837
4244618
402971
4219604
4335961
5128177
4767664
3411473
614703
442350
383446
66012
14369
1772286
662794
3523251
3900881
3980774
2381333
1935914
3688162
2076333
1244411
328566
1050259
2606288
1570576
2900332
2027159
1595895
1454189
579686
118786
285863
193459
1379132
1643826
880819
1792766
774258
924714
4045129
6283074
6991486
5979309
195716
168487
500271
684448
527861
124180
2801889
42114
716201
22910
511779
789465
957945
1603789
2977137
485766
1785198
939241
635846
1873619
1382284
111910
1447707
1272065
1947604
1607021
3926702
4562864
1422722
2382129
2386426
469524
460099
205842
1077057
3139648
768984
2196540
5002462
7857117
8806924
9391633
9104761
6291581
5912660
5076385
4523980
1031066
802707
2150890
488207
3130566
3123465
1037464
300118
3008173
4310316
3141114
493031
622439
3013126
3987220
3892441
1886379
110218
765107
861459
1557962
1500842
2868605
171861
953106
138297
1626385
657943
1915265
1609611
471389
850660
1134511
1378518
1182923
92155
49170
3266021
1506221
624709
218354
598577
375981
1513089
2342904
3146118
3003777
138781
535579
237708
2783818
1163397
15163
71647
383433
2039381
2148934
2920668
2106150
305325
3895517
981627
52936
234643
827177
849712
1572691
563867
19912
528354
1290392
137652
734560
3830042
1017345
512065
101853
34054
1139825
609528
280732
415883
359065
124752
1736781
355367
949380
2205037
39706
471386
635738
692154
763163
2223988
1041715
1383038
518683
682955
295333
4163097
2867251
105549
1538592
2309021
8752
182839
796094
1012492
112733
1475700
128628
829163
1515908
244646
881986
1647378
369570
261268
886940
2611785
852727
832409
425409
66642
170413
46644
1890576
1510687
1838438
464779
598231
2339918
1585082
1061890
1697246
2030331
746806
7094
107306
809007
689893
2370025
1728389
1572173
837569
499641
451802
509956
946016
1062362
2177175
2847334
1410298
75265
1357687
1548277
679246
1149829
2020962
3396246
3436895
3464348
3835589
5527596
2880643
787052
122176
143946
302982
342282
236444
132016
218354
1239396
695777
313662
244471
1237623
932138
392311
1143211
2211497
1114946
405032
238045
59007
62152
821249
88594
1276644
1325907
1073509
682322
561435
766389
1429822
3906053
1567975
2358162
1366886
1395522
235703
14034
2611451
3414805
2901139
1130625
1223381
566130
547721
2293370
3244739
3038477
2202686
363438
105537
1098994
684902
1679651
351897
2431638
2776223
1047262
2242972
2721835
1376580
821756
2471708
2072936
1482843
628258
106827
2110203
1191155
362629
357628
1808101
1903403
2979660
2222524
3591205
3401097
1054748
1459545
1485593
1833772
2018541
1226333
571615
190434
433490
740111
1556908
823208
557147
392955
994888
3562785
4397608
2193648
1066407
631004
1165510
548553
1460674
412010
1818426
3204318
3574364
4323960
3985833
2742093
627184
472047
1248457
694265
987169
8067
61804
128453
771726
13561
117041
439918
1223364
1644291
1511496
1161494
1228731
569196
560157
2338393
1743884
62845
112004
245
869486
439734
1202656
2761695
3660422
4360975
4375662
893499
1912030
291122
137937
780592
2830929
2856318
1221493
402316
1292179
2301453
278505
468158
1264571
1551664
916485
2122346
86023
330615
853695
333737
178010
118461
2742006
358212
357334
117640
136853
215597
810709
1253721
810252
111334
51735
449126
1335579
1639037
3483551
353751
800763
1082128
1834741
1464535
666173
1189056
4183782
4951314
1341711
1992077
1606870
142494
1457741
1025096
98476
502383
543857
2046267
547194
786516
21467
494789
1031377
146851
785916
179298
281292
86656
699562
1400052
2502006
460090
435412
199185
39869
2108106
2453783
115220
426680
3359397
5215500
3502768
1601369
446547
196084
167021
838717
1200826
1954151
1094269
582105
2934210
2660363
1742755
1495357
989269
498336
685860
819482
2065778
1585717
645678
3266660
37761
335261
3800398
387159
186563
107955
1019820
1302505
319377
543721
471559
1743387
4147632
5986561
6427465
5756283
2713295
1627852
1263292
650206
251427
2296761
837247
800789
195266
1665116
2136508
709596
3017619
3016896
2684478
2458012
173500
824325
437932
173592
87681
172683
115179
24191
1501482
2081488
3242610
3300222
2468965
2457023
977073
107840
72789
71965
621953
2503822
4629524
393129
1209861
528369
285389
2356805
2325657
1702998
1359414
1457593
1000888
574818
823046
746068
626778
627613
758105
2437967
2337442
1467618
614530
1425447
488009
411066
2299339
3597968
2496884
402812
702643
1275553
2199929
2910167
980637
1498895
553864
1524231
3401088
628732
1045883
794825
474629
94899
603732
573370
2709120
4234616
4346288
8845797
847899
436466
1289098
382465
292106
528029
1398516
1431437
1860897
88048
1297621
1095777
206250
271574
936261
592965
1785028
4237996
19520
319045
535386
128611
471722
350996
351666
489299
656716
195761
585036
1371358
3140291
2958269
729927
1410925
1871202
1223804
198987
3084294
4027201
917440
1602660
2494839
2155888
1387232
21780
3409616
152987
550335
559503
1011531
731524
1208046
2968263
2483485
2457664
1918156
1363664
669085
152762
1348499
475853
699232
911989
5722717
309047
511583
521235
162192
1298223
1268608
3276176
550783
631249
564962
1524151
14527
331403
77498
1434583
1271510
2829315
1664969
749928
763808
547569
1413177
674172
1168925
708627
1596705
1214517
1603967
1995838
141457
128291
535457
2720762
385908
744541
991674
50839
1144357
729447
720891
779788
952352
1584585
1441617
186010
1992466
1490355
1489697
1503412
3981568
4775076
5061548
4965199
3258114
46581
616305
1036053
72840
89623
537885
1017510
4710862
4217383
3915902
474353
527866
561905
1828894
1799560
1454528
342779
238999
1569258
1093666
826907
1885399
3972596
4294338
3993203
3962861
2379561
2355353
1116421
2146675
3305721
2059665
320152
2611948
531902
359886
531740
1680513
618356
617506
1978499
895023
112798
2568386
3196314
3507134
1266844
916325
983942
72938
1733219
2420376
2014842
795591
426695
429914
520619
252082
2397310
725541
1041217
1026051
1265540
1534235
2695224
935208
61815
2014965
2308441
2044040
2031462
1434352
203284
51487
417406
161826
14034
3658494
6046444
4197286
621468
778653
234654
4244793
1500464
1029117
115061
2774771
202041
108730
404912
2196319
3292488
1492760
1662309
2619066
3174022
3428529
1813274
652145
2483490
370689
45500
2480893
3124803
3938157
1324616
127483
1119558
1602015
865635
752630
531152
491570
381833
36641
559819
966178
87154
188376
832727
68414
113618
168959
1037510
2176351
3198696
2495597
884194
1361412
1477430
2149261
95703
335504
460091
999340
6079373
6198947
7192
893076
319873
416019
1376716
3334097
2296608
1546676
1479865
564355
2083741
2144903
1230210
2535291
1666582
537565
117008
501243
479305
287427
884829
454211
1149046
38737
955057
763621
243690
1455753
100223
1222289
1834566
2241887
1924778
79406
354236
2168625
2717478
4773082
4773857
5490487
148944
2189763
2943101
1362381
180416
3468834
4014689
4539621
9158986
6354197
4939699
1243116
516261
980540
1350102
3187580
3726116
2566918
1232141
1166138
48784
3123287
3554556
3588768
4223011
265964
287090
1961584
874957
71594
3440957
2634378
205592
530453
222639
212794
4549624
4499004
1658389
1484494
2159438
548362
2081799
1604713
150781
4393317
3375760
2422003
1551505
1086123
2470753
2026139
3428035
135171
2262864
2531889
552239
414201
145086
124915
800129
728299
1795201
1093038
1165498
610010
833681
1375700
1445493
1329460
1058647
2731912
2410545
575181
532746
634072
4093568
3492763
2610640
2506568
1739014
707968
939810
1333170
190149
1007863
1545742
3307567
4001110
2605635
440145
2079069
527073
1279915
985076
731784
3735302
5004877
5061364
4737491
4321290
320632
170099
639992
100869
63264
1125424
1143742
1451141
1450435
1033935
2942281
4268828
1432420
1648493
327934
268690
1336952
128142
404896
2154320
5178288
4011867
2307099
25743
1198243
253038
491557
744774
3558108
5684618
6885920
4964511
3104762
1125088
487495
161019
2536731
1922047
260929
3277144
2133767
2769281
2960841
392660
1620490
480786
204017
4446803
5086134
3523266
2510117
1164168
689421
422823
1702893
370038
780693
167023
2527209
3003118
3581685
3443059
2586772
1547323
4700357
4487187
2231897
1628981
748969
377637
934544
1537949
1839741
94399
110701
3019966
3011558
2596010
449123
841594
1421199
1973356
1676425
933914
1011026
1915106
1109337
500933
212530
664237
535467
163485
756390
242524
527721
610667
198480
3671881
401928
662153
936644
1086189
3849439
4812514
4740554
3396771
1050107
965322
695235
327101
2228830
174932
216193
132984
1066442
708074
267740
199944
444449
254492
448133
1824571
3141584
2521738
579670
1696586
1202454
408607
780911
844495
1654304
2757351
59736
279960
2104070
205881
2174761
2347753
1760341
59221
192037
